Raggio_Corr_arcsec,Perse_MagLT10_Mean,Perse_MagLT10_Std,FP_Mean,FP_Std
12.0,8.626086956521739,2.9354234405017716,7.782608695652174,1.6300579274617535
12.021007002334112,8.608695652173912,2.9242484048827584,7.756521739130434,1.6343662744601124
12.042014004668223,8.608695652173912,2.9242484048827584,7.747826086956522,1.6303826078608428
12.063021007002334,8.608695652173912,2.9242484048827584,7.730434782608696,1.6006614889689923
12.084028009336446,8.591304347826087,2.897962259105265,7.6869565217391305,1.5790212565207675
12.105035011670559,8.556521739130435,2.9227482729305843,7.6521739130434785,1.5438150275598015
12.12604201400467,8.547826086956523,2.902003740329204,7.626086956521739,1.55177805206587
12.14704901633878,8.539130434782608,2.9021340169868077,7.591304347826087,1.537336217781535
12.168056018672893,8.513043478260869,2.914328074967611,7.556521739130435,1.5219627164937304
12.189063021007003,8.495652173913044,2.875303879724045,7.521739130434782,1.4823472930337414
12.210070023341114,8.478260869565217,2.8721990547676075,7.504347826086956,1.4528766849343095
12.231077025675225,8.469565217391304,2.856941931903487,7.460869565217391,1.4342818625526983
12.252084028009337,8.452173913043477,2.8353160341014045,7.434782608695652,1.415015346560556
12.27309103034345,8.434782608695652,2.819591196957178,7.417391304347826,1.4017542344638838
12.29409803267756,8.42608695652174,2.8132013933231095,7.4,1.4006209802922356
12.31510503501167,8.42608695652174,2.8132013933231095,7.4,1.4006209802922356
12.336112037345783,8.408695652173913,2.8002970406848005,7.3826086956521735,1.3992706714922236
12.357119039679894,8.4,2.8031038697036945,7.373913043478261,1.398513929079674
12.378126042014005,8.4,2.8031038697036945,7.356521739130435,1.4030482612656108
12.399133044348115,8.391304347826088,2.8151628331124323,7.339130434782609,1.401160739447611
12.42014004668223,8.391304347826088,2.8151628331124323,7.3304347826086955,1.3939106024009653
12.44114704901634,8.391304347826088,2.8151628331124323,7.321739130434783,1.3990545011415607
12.462154051350451,8.356521739130434,2.7981090022831214,7.243478260869566,1.3805563109805696
12.483161053684562,8.347826086956522,2.7789377960116486,7.234782608695652,1.3914673817521384
12.504168056018674,8.330434782608696,2.755931907817989,7.2,1.3906520209880906
12.525175058352785,8.330434782608696,2.755931907817989,7.173913043478261,1.3784734440375788
12.546182060686895,8.330434782608696,2.755931907817989,7.156521739130435,1.3679009902374615
12.567189063021008,8.330434782608696,2.755931907817989,7.139130434782609,1.324596453866408
12.588196065355119,8.304347826086957,2.7605100758767414,7.130434782608695,1.3287571121683588
12.609203067689231,8.295652173913043,2.7630289398584438,7.121739130434783,1.3328480528353823
12.630210070023342,8.295652173913043,2.7630289398584438,7.078260869565217,1.3393562768340976
12.651217072357454,8.28695652173913,2.7434196920641383,7.034782608695652,1.31168948328753
12.672224074691565,8.278260869565218,2.7458991592585176,7.017391304347826,1.3252242382568755
12.693231077025676,8.278260869565218,2.7458991592585176,6.991304347826087,1.3416126063932428
12.714238079359786,8.269565217391305,2.745183098765307,6.973913043478261,1.3217963374347632
12.735245081693899,8.26086956521739,2.7507689249806027,6.965217391304348,1.3248818472840362
12.756252084028011,8.252173913043478,2.7404965537395958,6.965217391304348,1.3248818472840362
12.777259086362122,8.234782608695653,2.7261389635147353,6.956521739130435,1.3081105148620384
12.798266088696233,8.191304347826087,2.699100179122223,6.921739130434783,1.3197353231809088
12.819273091030345,8.182608695652174,2.691637964852894,6.904347826086957,1.3053329613116258
12.840280093364456,8.182608695652174,2.691637964852894,6.878260869565217,1.2998182219864205
12.861287095698566,8.173913043478262,2.6938282749736033,6.869565217391305,1.308977291664954
12.882294098032677,8.165217391304347,2.6798132147193576,6.852173913043479,1.3137631198095205
12.90330110036679,8.156521739130435,2.6787125536681953,6.826086956521739,1.3005742515300351
12.9243081027009,8.121739130434783,2.670768741594357,6.826086956521739,1.3005742515300351
12.945315105035013,8.08695652173913,2.665611007177885,6.817391304347826,1.3093815911447408
12.966322107369123,8.08695652173913,2.665611007177885,6.817391304347826,1.3093815911447408
12.987329109703236,8.078260869565218,2.6544395169862836,6.8,1.3266499161421599
13.008336112037346,8.078260869565218,2.6544395169862836,6.791304347826087,1.328586382941515
13.029343114371457,8.052173913043479,2.6304024432076005,6.773913043478261,1.3322806178176114
13.05035011670557,8.02608695652174,2.5958524429331575,6.739130434782608,1.338961028245662
13.07135711903968,8.0,2.553769592276246,6.7043478260869565,1.3251671792381732
13.092364121373793,7.973913043478261,2.5722967898450713,6.695652173913044,1.3330182362396428
13.113371123707903,7.965217391304348,2.5671179400172504,6.6869565217391305,1.3407669277810295
13.134378126042016,7.956521739130435,2.548286054340211,6.6869565217391305,1.3407669277810295
13.155385128376127,7.956521739130435,2.548286054340211,6.6695652173913045,1.3169248707925252
13.176392130710237,7.956521739130435,2.548286054340211,6.6695652173913045,1.3169248707925252
13.197399133044348,7.956521739130435,2.548286054340211,6.6695652173913045,1.3169248707925252
13.21840613537846,7.956521739130435,2.548286054340211,6.660869565217391,1.3047535600840432
13.239413137712571,7.956521739130435,2.548286054340211,6.6521739130434785,1.3057962971896702
13.260420140046682,7.947826086956522,2.5566400445859285,6.643478260869565,1.3067803404639444
13.281427142380794,7.947826086956522,2.5566400445859285,6.626086956521739,1.3085728672719386
13.302434144714907,7.921739130434783,2.502686647122688,6.626086956521739,1.3085728672719386
13.323441147049017,7.913043478260869,2.4971817763624253,6.6173913043478265,1.3027236264384352
13.344448149383128,7.878260869565217,2.471218062930862,6.6,1.2974892141630947
13.365455151717239,7.869565217391305,2.458425580062007,6.591304347826087,1.298130107861927
13.386462154051351,7.860869565217391,2.456179275859293,6.573913043478261,1.2992363614344182
13.407469156385462,7.843478260869565,2.462205813273682,6.556521739130435,1.3067803404639444
13.428476158719574,7.826086956521739,2.443308055343846,6.539130434782609,1.294046276450523
13.449483161053685,7.808695652173913,2.4455661820630947,6.530434782608696,1.3009811623836554
13.470490163387797,7.808695652173913,2.4455661820630947,6.530434782608696,1.3009811623836554
13.491497165721908,7.8,2.439529534116381,6.530434782608696,1.3009811623836554
13.512504168056019,7.791304347826087,2.4370176077361196,6.51304347826087,1.3079370905713508
13.533511170390131,7.765217391304348,2.447111641818499,6.504347826086956,1.3079949012231313
13.554518172724242,7.747826086956522,2.448934029899077,6.478260869565218,1.2877201024997058
13.575525175058353,7.739130434782608,2.43198597150466,6.469565217391304,1.287543931748146
13.596532177392463,7.71304347826087,2.4092763387313028,6.452173913043478,1.2802409981064167
13.617539179726577,7.6869565217391305,2.422234747505428,6.426086956521739,1.2857808966451842
13.638546182060688,7.660869565217391,2.4169220689411137,6.4,1.2974892141630947
13.659553184394799,7.643478260869565,2.4216103314434174,6.373913043478261,1.295214399342692
13.68056018672891,7.6347826086956525,2.422109877170903,6.3652173913043475,1.3010392821166417
13.701567189063022,7.6173913043478265,2.4158268318866556,6.339130434782609,1.3047535600840432
13.722574191397133,7.6173913043478265,2.4158268318866556,6.339130434782609,1.3047535600840432
13.743581193731243,7.6,2.413008225359411,6.3304347826086955,1.2969646110316313
13.764588196065356,7.582608695652174,2.4172661838123344,6.3130434782608695,1.3012717350901093
13.785595198399466,7.565217391304348,2.4141987050621223,6.3130434782608695,1.3012717350901093
13.806602200733579,7.539130434782609,2.4111586841968884,6.2956521739130435,1.291940993695504
13.82760920306769,7.521739130434782,2.3896436921485456,6.269565217391304,1.2807724512315404
13.848616205401802,7.469565217391304,2.35656986955501,6.226086956521739,1.2653294437158313
13.869623207735913,7.452173913043478,2.359968600604934,6.226086956521739,1.2653294437158313
13.890630210070023,7.443478260869565,2.341279116573102,6.226086956521739,1.2653294437158313
13.911637212404136,7.426086956521739,2.3296234798043987,6.226086956521739,1.2653294437158313
13.932644214738247,7.417391304347826,2.3330614658432487,6.208695652173913,1.2751514977268426
13.953651217072359,7.417391304347826,2.3330614658432487,6.182608695652174,1.2551293624348547
13.97465821940647,7.4,2.33238075793812,6.173913043478261,1.252898341170635
13.99566522174058,7.3826086956521735,2.324099109970972,6.165217391304348,1.257536824822438
14.016672224074693,7.3826086956521735,2.324099109970972,6.165217391304348,1.257536824822438
14.037679226408804,7.356521739130435,2.3301102953847153,6.147826086956521,1.2527776322401394
14.058686228742914,7.356521739130435,2.3301102953847153,6.147826086956521,1.2527776322401394
14.079693231077025,7.339130434782609,2.295125104184156,6.147826086956521,1.2527776322401394
14.100700233411139,7.3304347826086955,2.283101396100735,6.130434782608695,1.2407693204686585
14.121707235745248,7.3130434782608695,2.266447967506421,6.130434782608695,1.2407693204686585
14.14271423807936,7.2956521739130435,2.261103666809749,6.104347826086957,1.2536826659259113
14.163721240413471,7.2956521739130435,2.261103666809749,6.104347826086957,1.2536826659259113
14.184728242747584,7.2956521739130435,2.261103666809749,6.095652173913043,1.2509051543198506
14.205735245081696,7.2956521739130435,2.261103666809749,6.095652173913043,1.2509051543198506
14.226742247415805,7.278260869565218,2.2633097199607497,6.086956521739131,1.2480608777745499
14.247749249749917,7.278260869565218,2.2633097199607497,6.078260869565217,1.2590391511470098
14.268756252084028,7.269565217391304,2.258594172721394,6.069565217391304,1.256092901095088
14.28976325441814,7.269565217391304,2.258594172721394,6.060869565217391,1.2530793827641196
14.31077025675225,7.252173913043478,2.268282162728935,6.060869565217391,1.2530793827641196
14.331777259086364,7.234782608695652,2.2701481843324625,6.043478260869565,1.2328214677180718
14.352784261420473,7.217391304347826,2.2642115767463546,6.026086956521739,1.2333120453211408
14.373791263754585,7.2,2.24266921711413,6.026086956521739,1.2333120453211408
14.394798266088698,7.182608695652174,2.2324975629594848,6.026086956521739,1.2333120453211408
14.415805268422808,7.173913043478261,2.2312440264305566,6.026086956521739,1.2333120453211408
14.43681227075692,7.147826086956521,2.231176247636014,6.017391304347826,1.2157131290309808
14.45781927309103,7.139130434782609,2.2219731009280097,6.017391304347826,1.2157131290309808
14.478826275425142,7.130434782608695,2.228361609599752,6.017391304347826,1.2157131290309808
14.499833277759254,7.130434782608695,2.228361609599752,6.017391304347826,1.2157131290309808
14.520840280093365,7.113043478260869,2.225407505003754,6.0,1.2158375177486576
14.541847282427474,7.095652173913043,2.21054356110409,5.973913043478261,1.1902566005056467
14.562854284761586,7.060869565217391,2.207839615007273,5.956521739130435,1.1970347737335831
14.5838612870957,7.043478260869565,2.216112163021679,5.939130434782609,1.1962765168329175
14.60486828942981,7.026086956521739,2.208524471284991,5.939130434782609,1.1962765168329175
14.625875291763922,7.008695652173913,2.212594983169381,5.939130434782609,1.1962765168329175
14.646882294098033,7.0,2.206709137469482,5.939130434782609,1.1962765168329175
14.667889296432145,6.982608695652174,2.194786742916247,5.921739130434783,1.1658012813508327
14.688896298766258,6.939130434782609,2.199948444145865,5.913043478260869,1.1689104357500164
14.709903301100367,6.913043478260869,2.2010480404503925,5.878260869565217,1.1583183168936844
14.730910303434479,6.895652173913043,2.192373790104861,5.860869565217391,1.1563582754698638
14.75191730576859,6.878260869565217,2.1755472118704993,5.834782608695652,1.1262128517840797
14.772924308102702,6.860869565217391,2.1664916802005196,5.834782608695652,1.1262128517840797
14.793931310436811,6.852173913043479,2.1679221799801542,5.834782608695652,1.1262128517840797
14.814938312770925,6.834782608695652,2.1505527490982557,5.834782608695652,1.1262128517840797
14.835945315105034,6.817391304347826,2.1410383856017243,5.826086956521739,1.1287613031084496
14.856952317439147,6.808695652173913,2.117815331169745,5.826086956521739,1.1287613031084496
14.87795931977326,6.8,2.102586398989918,5.817391304347826,1.1235240265278064
14.89896632210737,6.791304347826087,2.107938008221028,5.817391304347826,1.1235240265278064
14.919973324441482,6.782608695652174,2.109121427207783,5.817391304347826,1.1235240265278064
14.940980326775591,6.756521739130434,2.104204091390154,5.773913043478261,1.1038341838709478
14.961987329109704,6.747826086956522,2.105245945606685,5.773913043478261,1.1038341838709478
14.982994331443814,6.747826086956522,2.105245945606685,5.773913043478261,1.1038341838709478
15.004001333777927,6.739130434782608,2.114492256955768,5.747826086956522,1.0862258413653696
15.025008336112036,6.721739130434782,2.1163866914151686,5.739130434782608,1.0801526182160286
15.046015338446148,6.721739130434782,2.1163866914151686,5.739130434782608,1.0801526182160286
15.067022340780262,6.7043478260869565,2.1140273250814254,5.730434782608696,1.065847196246578
15.088029343114371,6.6869565217391305,2.119742467505056,5.721739130434782,1.0595144588295193
15.109036345448484,6.6869565217391305,2.119742467505056,5.721739130434782,1.0595144588295193
15.130043347782594,6.678260869565217,2.1122739697424238,5.721739130434782,1.0595144588295193
15.151050350116707,6.6695652173913045,2.104743045890627,5.7043478260869565,1.0547937201464992
15.17205735245082,6.6695652173913045,2.104743045890627,5.7043478260869565,1.0547937201464992
15.193064354784928,6.6695652173913045,2.104743045890627,5.7043478260869565,1.0547937201464992
15.214071357119039,6.6695652173913045,2.104743045890627,5.7043478260869565,1.0547937201464992
15.235078359453151,6.660869565217391,2.113669615587151,5.6869565217391305,1.049763678509757
15.256085361787264,6.660869565217391,2.113669615587151,5.678260869565217,1.0261606458432835
15.277092364121373,6.660869565217391,2.113669615587151,5.678260869565217,1.0261606458432835
15.298099366455487,6.660869565217391,2.113669615587151,5.678260869565217,1.0261606458432835
15.319106368789596,6.660869565217391,2.113669615587151,5.678260869565217,1.0261606458432835
15.340113371123708,6.660869565217391,2.113669615587151,5.678260869565217,1.0261606458432835
15.36112037345782,6.643478260869565,2.1231285543327476,5.6695652173913045,1.027633322614001
15.382127375791931,6.6173913043478265,2.1082966901831983,5.6695652173913045,1.027633322614001
15.403134378126044,6.608695652173913,2.108762885526109,5.6695652173913045,1.027633322614001
15.424141380460153,6.608695652173913,2.108762885526109,5.6695652173913045,1.027633322614001
15.445148382794265,6.6,2.0884777064730145,5.6695652173913045,1.027633322614001
15.466155385128376,6.6,2.0884777064730145,5.6695652173913045,1.027633322614001
15.487162387462488,6.591304347826087,2.0888759289394945,5.6695652173913045,1.027633322614001
15.508169389796597,6.582608695652174,2.0725225490802566,5.6695652173913045,1.027633322614001
15.52917639213071,6.582608695652174,2.0725225490802566,5.660869565217391,1.0374463340482947
15.550183394464824,6.565217391304348,2.0478214714246885,5.643478260869565,1.0399941834939863
15.571190396798933,6.547826086956522,2.0269637960811777,5.643478260869565,1.0399941834939863
15.592197399133045,6.547826086956522,2.0269637960811777,5.643478260869565,1.0399941834939863
15.613204401467156,6.539130434782609,2.018552888976522,5.643478260869565,1.0399941834939863
15.634211403801269,6.521739130434782,2.014503180037662,5.643478260869565,1.0399941834939863
15.655218406135381,6.51304347826087,2.023192558444308,5.643478260869565,1.0399941834939863
15.67622540846949,6.504347826086956,2.014615781875599,5.643478260869565,1.0399941834939863
15.6972324108036,6.504347826086956,2.014615781875599,5.643478260869565,1.0399941834939863
15.718239413137713,6.495652173913044,2.0016250486888776,5.643478260869565,1.0399941834939863
15.739246415471825,6.495652173913044,2.0016250486888776,5.643478260869565,1.0399941834939863
15.760253417805934,6.48695652173913,1.9928795744122723,5.643478260869565,1.0399941834939863
15.781260420140049,6.478260869565218,1.9884353739296874,5.643478260869565,1.0399941834939863
15.802267422474157,6.469565217391304,1.9751576233432713,5.643478260869565,1.0399941834939863
15.82327442480827,6.443478260869565,1.9701745866042746,5.643478260869565,1.0399941834939863
15.844281427142382,6.443478260869565,1.9701745866042746,5.643478260869565,1.0399941834939863
15.865288429476493,6.426086956521739,1.9695988095801218,5.643478260869565,1.0399941834939863
15.886295431810602,6.426086956521739,1.9695988095801218,5.643478260869565,1.0399941834939863
15.907302434144714,6.426086956521739,1.9695988095801218,5.643478260869565,1.0399941834939863
15.928309436478827,6.426086956521739,1.9695988095801218,5.643478260869565,1.0399941834939863
15.949316438812938,6.426086956521739,1.9695988095801218,5.643478260869565,1.0399941834939863
15.97032344114705,6.426086956521739,1.9695988095801218,5.643478260869565,1.0399941834939863
15.991330443481159,6.408695652173913,1.9644477138411904,5.643478260869565,1.0399941834939863
16.012337445815273,6.408695652173913,1.9644477138411904,5.643478260869565,1.0399941834939863
16.033344448149386,6.391304347826087,1.945767545765683,5.643478260869565,1.0399941834939863
16.054351450483495,6.391304347826087,1.945767545765683,5.643478260869565,1.0399941834939863
16.075358452817603,6.391304347826087,1.945767545765683,5.643478260869565,1.0399941834939863
16.096365455151716,6.373913043478261,1.9491843090635204,5.643478260869565,1.0399941834939863
16.11737245748583,6.373913043478261,1.9491843090635204,5.643478260869565,1.0399941834939863
16.13837945981994,6.3652173913043475,1.957506998299928,5.643478260869565,1.0399941834939863
16.159386462154053,6.356521739130435,1.961327431360116,5.643478260869565,1.0399941834939863
16.180393464488162,6.356521739130435,1.961327431360116,5.643478260869565,1.0399941834939863
16.201400466822275,6.3478260869565215,1.9606719267987855,5.643478260869565,1.0399941834939863
16.222407469156387,6.339130434782609,1.955535983557134,5.643478260869565,1.0399941834939863
16.243414471490496,6.3304347826086955,1.950347746609105,5.643478260869565,1.0399941834939863
16.26442147382461,6.3304347826086955,1.950347746609105,5.643478260869565,1.0399941834939863
16.285428476158717,6.3304347826086955,1.950347746609105,5.643478260869565,1.0399941834939863
16.306435478492833,6.3304347826086955,1.950347746609105,5.643478260869565,1.0399941834939863
16.327442480826946,6.3304347826086955,1.950347746609105,5.643478260869565,1.0399941834939863
16.348449483161055,6.3304347826086955,1.950347746609105,5.643478260869565,1.0399941834939863
16.369456485495164,6.3130434782608695,1.9398127089839698,5.643478260869565,1.0399941834939863
16.390463487829276,6.2956521739130435,1.938057804331454,5.643478260869565,1.0399941834939863
16.41147049016339,6.28695652173913,1.9371212051203797,5.643478260869565,1.0399941834939863
16.432477492497497,6.28695652173913,1.9371212051203797,5.643478260869565,1.0399941834939863
16.45348449483161,6.278260869565218,1.9316486586961723,5.643478260869565,1.0399941834939863
16.474491497165722,6.278260869565218,1.9316486586961723,5.643478260869565,1.0399941834939863
16.495498499499835,6.278260869565218,1.9316486586961723,5.643478260869565,1.0399941834939863
16.516505501833947,6.269565217391304,1.930630620696973,5.643478260869565,1.0399941834939863
16.537512504168056,6.260869565217392,1.9295728588911527,5.643478260869565,1.0399941834939863
16.558519506502165,6.260869565217392,1.9295728588911527,5.643478260869565,1.0399941834939863
16.579526508836278,6.260869565217392,1.9295728588911527,5.643478260869565,1.0399941834939863
16.60053351117039,6.243478260869566,1.9046455991136677,5.643478260869565,1.0399941834939863
16.621540513504502,6.243478260869566,1.9046455991136677,5.643478260869565,1.0399941834939863
16.642547515838615,6.243478260869566,1.9046455991136677,5.643478260869565,1.0399941834939863
16.663554518172724,6.243478260869566,1.9046455991136677,5.643478260869565,1.0399941834939863
16.684561520506836,6.243478260869566,1.9046455991136677,5.643478260869565,1.0399941834939863
16.70556852284095,6.234782608695652,1.9034542275083164,5.643478260869565,1.0399941834939863
16.726575525175058,6.234782608695652,1.9034542275083164,5.643478260869565,1.0399941834939863
16.747582527509167,6.226086956521739,1.9067881921781105,5.643478260869565,1.0399941834939863
16.768589529843283,6.226086956521739,1.9067881921781105,5.643478260869565,1.0399941834939863
16.789596532177395,6.226086956521739,1.9067881921781105,5.643478260869565,1.0399941834939863
16.810603534511504,6.226086956521739,1.9067881921781105,5.643478260869565,1.0399941834939863
16.831610536845616,6.226086956521739,1.9067881921781105,5.643478260869565,1.0399941834939863
16.852617539179725,6.226086956521739,1.9067881921781105,5.643478260869565,1.0399941834939863
16.873624541513838,6.217391304347826,1.900949916755132,5.643478260869565,1.0399941834939863
16.89463154384795,6.208695652173913,1.8996368173435636,5.643478260869565,1.0399941834939863
16.91563854618206,6.208695652173913,1.8996368173435636,5.643478260869565,1.0399941834939863
16.93664554851617,6.2,1.9028582619883674,5.643478260869565,1.0399941834939863
16.957652550850284,6.2,1.9028582619883674,5.643478260869565,1.0399941834939863
16.978659553184396,6.2,1.9028582619883674,5.643478260869565,1.0399941834939863
16.99966655551851,6.2,1.9028582619883674,5.643478260869565,1.0399941834939863
17.020673557852618,6.2,1.9028582619883674,5.643478260869565,1.0399941834939863
17.041680560186727,6.191304347826087,1.9105913137670143,5.643478260869565,1.0399941834939863
17.06268756252084,6.191304347826087,1.9105913137670143,5.643478260869565,1.0399941834939863
17.08369456485495,6.182608695652174,1.9046058987332797,5.643478260869565,1.0399941834939863
17.104701567189064,6.173913043478261,1.8985617877761527,5.643478260869565,1.0399941834939863
17.125708569523177,6.165217391304348,1.9061932690123469,5.643478260869565,1.0399941834939863
17.146715571857285,6.165217391304348,1.9061932690123469,5.643478260869565,1.0399941834939863
17.167722574191398,6.156521739130435,1.9092056365333958,5.643478260869565,1.0399941834939863
17.18872957652551,6.156521739130435,1.9092056365333958,5.643478260869565,1.0399941834939863
17.20973657885962,6.139130434782609,1.9105517369358271,5.643478260869565,1.0399941834939863
17.230743581193728,6.139130434782609,1.9105517369358271,5.643478260869565,1.0399941834939863
17.251750583527844,6.139130434782609,1.9105517369358271,5.643478260869565,1.0399941834939863
17.272757585861957,6.130434782608695,1.9179778260967633,5.643478260869565,1.0399941834939863
17.293764588196066,6.130434782608695,1.9179778260967633,5.643478260869565,1.0399941834939863
17.314771590530178,6.113043478260869,1.9190813807485414,5.643478260869565,1.0399941834939863
17.335778592864287,6.104347826086957,1.912766778408238,5.643478260869565,1.0399941834939863
17.3567855951984,6.104347826086957,1.912766778408238,5.643478260869565,1.0399941834939863
17.377792597532512,6.104347826086957,1.912766778408238,5.643478260869565,1.0399941834939863
17.39879959986662,6.104347826086957,1.912766778408238,5.643478260869565,1.0399941834939863
17.419806602200733,6.104347826086957,1.912766778408238,5.643478260869565,1.0399941834939863
17.440813604534846,6.095652173913043,1.9245503734344234,5.643478260869565,1.0399941834939863
17.461820606868958,6.078260869565217,1.9343477772239972,5.643478260869565,1.0399941834939863
17.482827609203067,6.078260869565217,1.9343477772239972,5.643478260869565,1.0399941834939863
17.50383461153718,6.078260869565217,1.9343477772239972,5.643478260869565,1.0399941834939863
17.52484161387129,6.078260869565217,1.9343477772239972,5.643478260869565,1.0399941834939863
17.5458486162054,6.078260869565217,1.9343477772239972,5.643478260869565,1.0399941834939863
17.566855618539513,6.078260869565217,1.9343477772239972,5.643478260869565,1.0399941834939863
17.587862620873626,6.078260869565217,1.9343477772239972,5.643478260869565,1.0399941834939863
17.608869623207738,6.069565217391304,1.9414102410380865,5.643478260869565,1.0399941834939863
17.629876625541847,6.060869565217391,1.9394618550862488,5.643478260869565,1.0399941834939863
17.65088362787596,6.052173913043478,1.937472482882832,5.643478260869565,1.0399941834939863
17.671890630210072,6.052173913043478,1.937472482882832,5.643478260869565,1.0399941834939863
17.69289763254418,6.052173913043478,1.937472482882832,5.643478260869565,1.0399941834939863
17.71390463487829,6.052173913043478,1.937472482882832,5.643478260869565,1.0399941834939863
17.734911637212406,6.052173913043478,1.937472482882832,5.643478260869565,1.0399941834939863
17.75591863954652,6.043478260869565,1.948873941749891,5.643478260869565,1.0399941834939863
17.776925641880627,6.043478260869565,1.948873941749891,5.643478260869565,1.0399941834939863
17.79793264421474,6.043478260869565,1.948873941749891,5.643478260869565,1.0399941834939863
17.81893964654885,6.043478260869565,1.948873941749891,5.643478260869565,1.0399941834939863
17.83994664888296,6.017391304347826,1.9604019494487979,5.643478260869565,1.0399941834939863
17.860953651217073,6.008695652173913,1.9671018283313586,5.643478260869565,1.0399941834939863
17.881960653551182,6.008695652173913,1.9671018283313586,5.643478260869565,1.0399941834939863
17.902967655885295,6.0,1.9693300560254539,5.643478260869565,1.0399941834939863
17.923974658219407,5.991304347826087,1.9803190440098415,5.643478260869565,1.0399941834939863
17.94498166055352,5.991304347826087,1.9803190440098415,5.626086956521739,1.0338687963618678
17.96598866288763,5.982608695652174,1.9868375951470223,5.626086956521739,1.0338687963618678
17.98699566522174,5.982608695652174,1.9868375951470223,5.626086956521739,1.0338687963618678
18.00800266755585,5.973913043478261,1.988929664374753,5.626086956521739,1.0338687963618678
18.029009669889962,5.956521739130435,1.9973517438493014,5.626086956521739,1.0338687963618678
18.050016672224075,5.947826086956522,2.0036639406710792,5.626086956521739,1.0338687963618678
18.071023674558187,5.947826086956522,2.0036639406710792,5.626086956521739,1.0338687963618678
18.092030676892296,5.939130434782609,1.9925380647577369,5.626086956521739,1.0338687963618678
18.11303767922641,5.939130434782609,1.9925380647577369,5.626086956521739,1.0338687963618678
18.13404468156052,5.939130434782609,1.9925380647577369,5.626086956521739,1.0338687963618678
18.15505168389463,5.939130434782609,1.9925380647577369,5.626086956521739,1.0338687963618678
18.176058686228743,5.939130434782609,1.9925380647577369,5.6173913043478265,1.0348922119521282
18.19706568856285,5.939130434782609,1.9925380647577369,5.6173913043478265,1.0348922119521282
18.218072690896967,5.939130434782609,1.9925380647577369,5.6173913043478265,1.0348922119521282
18.23907969323108,5.921739130434783,2.0006426188774467,5.6173913043478265,1.0348922119521282
18.26008669556519,5.921739130434783,2.0006426188774467,5.6173913043478265,1.0348922119521282
18.2810936978993,5.913043478260869,1.9981087466219232,5.6173913043478265,1.0348922119521282
18.30210070023341,5.904347826086957,2.008563895547083,5.6173913043478265,1.0348922119521282
18.323107702567523,5.904347826086957,2.008563895547083,5.6173913043478265,1.0348922119521282
18.344114704901635,5.904347826086957,2.008563895547083,5.6173913043478265,1.0348922119521282
18.365121707235744,5.886956521739131,2.007660188600713,5.6173913043478265,1.0348922119521282
18.386128709569856,5.878260869565217,2.022257997933978,5.6173913043478265,1.0348922119521282
18.40713571190397,5.878260869565217,2.022257997933978,5.6173913043478265,1.0348922119521282
18.42814271423808,5.878260869565217,2.022257997933978,5.6173913043478265,1.0348922119521282
18.44914971657219,5.869565217391305,2.015253740115879,5.6173913043478265,1.0348922119521282
18.470156718906303,5.869565217391305,2.015253740115879,5.6173913043478265,1.0348922119521282
18.49116372124041,5.860869565217391,2.0297224334622235,5.6173913043478265,1.0348922119521282
18.512170723574524,5.860869565217391,2.0297224334622235,5.6173913043478265,1.0348922119521282
18.533177725908637,5.834782608695652,2.0341879472936943,5.6173913043478265,1.0348922119521282
18.55418472824275,5.834782608695652,2.0341879472936943,5.6173913043478265,1.0348922119521282
18.575191730576858,5.817391304347826,2.0497406355360828,5.6173913043478265,1.0348922119521282
18.59619873291097,5.8,2.026777266242278,5.6173913043478265,1.0348922119521282
18.617205735245083,5.8,2.026777266242278,5.6173913043478265,1.0348922119521282
18.63821273757919,5.8,2.026777266242278,5.6173913043478265,1.0348922119521282
18.659219739913304,5.8,2.026777266242278,5.6173913043478265,1.0348922119521282
18.680226742247413,5.791304347826087,2.0280453308282187,5.6173913043478265,1.0348922119521282
18.70123374458153,5.782608695652174,2.029275341617864,5.6173913043478265,1.0348922119521282
18.72224074691564,5.782608695652174,2.029275341617864,5.6173913043478265,1.0348922119521282
18.74324774924975,5.782608695652174,2.029275341617864,5.6173913043478265,1.0348922119521282
18.76425475158386,5.782608695652174,2.029275341617864,5.6173913043478265,1.0348922119521282
18.785261753917972,5.773913043478261,2.039014551263588,5.6173913043478265,1.0348922119521282
18.806268756252084,5.773913043478261,2.039014551263588,5.6173913043478265,1.0348922119521282
18.827275758586193,5.773913043478261,2.039014551263588,5.6173913043478265,1.0348922119521282
18.848282760920306,5.773913043478261,2.039014551263588,5.6173913043478265,1.0348922119521282
18.869289763254418,5.765217391304348,2.040163824549855,5.6173913043478265,1.0348922119521282
18.89029676558853,5.765217391304348,2.040163824549855,5.6173913043478265,1.0348922119521282
18.911303767922643,5.756521739130434,2.0370110428414088,5.6173913043478265,1.0348922119521282
18.932310770256752,5.730434782608696,2.052873867365433,5.6173913043478265,1.0348922119521282
18.953317772590864,5.721739130434782,2.045346047417454,5.6173913043478265,1.0348922119521282
18.974324774924973,5.7043478260869565,2.047156726199953,5.6173913043478265,1.0348922119521282
18.995331777259086,5.695652173913044,2.048006084584534,5.6173913043478265,1.0348922119521282
19.016338779593198,5.695652173913044,2.048006084584534,5.6173913043478265,1.0348922119521282
19.03734578192731,5.695652173913044,2.048006084584534,5.6173913043478265,1.0348922119521282
19.05835278426142,5.695652173913044,2.048006084584534,5.6173913043478265,1.0348922119521282
19.079359786595532,5.695652173913044,2.048006084584534,5.6173913043478265,1.0348922119521282
19.100366788929644,5.6869565217391305,2.061511549246052,5.6173913043478265,1.0348922119521282
19.121373791263753,5.6869565217391305,2.061511549246052,5.6173913043478265,1.0348922119521282
19.142380793597862,5.6695652173913045,2.0545675060827375,5.6173913043478265,1.0348922119521282
19.163387795931975,5.6521739130434785,2.0643705357528934,5.608695652173913,1.0358416210474166
19.18439479826609,5.6347826086956525,2.082349988469794,5.6,1.045071247831208
19.205401800600203,5.6173913043478265,2.0666402421222636,5.6,1.045071247831208
19.226408802934312,5.6,2.0591260281974,5.6,1.045071247831208
19.24741580526842,5.591304347826087,2.063747760850603,5.6,1.045071247831208
19.268422807602533,5.582608695652174,2.0725225490802566,5.6,1.045071247831208
19.289429809936646,5.573913043478261,2.0686516068926233,5.6,1.045071247831208
19.31043681227076,5.565217391304348,2.0773328835944325,5.6,1.045071247831208
19.331443814604867,5.565217391304348,2.0773328835944325,5.6,1.045071247831208
19.35245081693898,5.547826086956522,2.077806026268509,5.6,1.045071247831208
19.373457819273092,5.539130434782609,2.073799103606037,5.6,1.045071247831208
19.394464821607205,5.521739130434782,2.082422611274443,5.6,1.045071247831208
19.415471823941314,5.504347826086956,2.08670288313772,5.6,1.045071247831208
19.436478826275422,5.48695652173913,2.0783154440715115,5.6,1.045071247831208
19.457485828609535,5.48695652173913,2.0783154440715115,5.6,1.045071247831208
19.478492830943647,5.48695652173913,2.0783154440715115,5.6,1.045071247831208
19.49949983327776,5.469565217391304,2.065542308536765,5.6,1.045071247831208
19.520506835611872,5.469565217391304,2.065542308536765,5.6,1.045071247831208
19.54151383794598,5.460869565217391,2.0611814110052817,5.6,1.045071247831208
19.562520840280094,5.460869565217391,2.0611814110052817,5.6,1.045071247831208
19.583527842614206,5.443478260869565,2.0733979854454256,5.6,1.045071247831208
19.604534844948315,5.443478260869565,2.0733979854454256,5.6,1.045071247831208
19.625541847282424,5.426086956521739,2.0644437910370934,5.6,1.045071247831208
19.646548849616536,5.417391304347826,2.0725225490802566,5.6,1.045071247831208
19.667555851950652,5.4,2.0759492328550095,5.6,1.045071247831208
19.688562854284765,5.391304347826087,2.071318219936755,5.6,1.045071247831208
19.709569856618874,5.3826086956521735,2.0708435949407176,5.6,1.045071247831208
19.730576858952983,5.3652173913043475,2.073981404396987,5.6,1.045071247831208
19.751583861287095,5.339130434782609,2.042534472155437,5.6,1.045071247831208
19.772590863621208,5.321739130434783,2.015366300018788,5.6,1.045071247831208
19.793597865955316,5.2956521739130435,1.9911714404098835,5.6,1.045071247831208
19.81460486828943,5.2956521739130435,1.9911714404098835,5.6,1.045071247831208
19.83561187062354,5.2956521739130435,1.9911714404098835,5.6,1.045071247831208
19.856618872957654,5.2956521739130435,1.9911714404098835,5.6,1.045071247831208
19.877625875291766,5.260869565217392,1.9916650518194423,5.6,1.045071247831208
19.898632877625875,5.243478260869566,1.9938658292822977,5.591304347826087,1.0458668314424793
19.919639879959984,5.243478260869566,1.9938658292822977,5.591304347826087,1.0458668314424793
19.940646882294097,5.226086956521739,1.9827993806088684,5.582608695652174,1.0298383891419434
19.96165388462821,5.217391304347826,1.972782668105273,5.582608695652174,1.0298383891419434
19.98266088696232,5.217391304347826,1.972782668105273,5.582608695652174,1.0298383891419434
20.003667889296434,5.217391304347826,1.972782668105273,5.582608695652174,1.0298383891419434
20.024674891630543,5.217391304347826,1.972782668105273,5.582608695652174,1.0298383891419434
20.045681893964655,5.2,1.9834094492762357,5.582608695652174,1.0298383891419434
20.066688896298768,5.191304347826087,1.9908296377397128,5.582608695652174,1.0298383891419434
20.087695898632877,5.191304347826087,1.9908296377397128,5.582608695652174,1.0298383891419434
20.108702900966986,5.182608695652174,1.9981844311259036,5.582608695652174,1.0298383891419434
20.129709903301098,5.173913043478261,2.0011338940720034,5.565217391304348,0.9880189646358775
20.150716905635214,5.156521739130435,2.0112349844239703,5.565217391304348,0.9880189646358775
20.171723907969326,5.147826086956521,2.001058321123316,5.565217391304348,0.9880189646358775
20.192730910303435,5.139130434782609,1.9820365307112087,5.565217391304348,0.9880189646358775
20.213737912637544,5.130434782608695,1.984819514871883,5.565217391304348,0.9880189646358775
20.234744914971657,5.121739130434783,1.9743918208860805,5.565217391304348,0.9880189646358775
20.25575191730577,5.113043478260869,1.9727060090418038,5.565217391304348,0.9880189646358775
20.276758919639878,5.086956521739131,1.993752055542315,5.565217391304348,0.9880189646358775
20.29776592197399,5.086956521739131,1.993752055542315,5.565217391304348,0.9880189646358775
20.318772924308103,5.069565217391304,1.9900698660684373,5.565217391304348,0.9880189646358775
20.339779926642215,5.060869565217391,1.9925380647577369,5.565217391304348,0.9880189646358775
20.360786928976328,5.060869565217391,1.9925380647577369,5.565217391304348,0.9880189646358775
20.381793931310437,5.052173913043478,1.9818457723562717,5.565217391304348,0.9880189646358775
20.402800933644546,5.043478260869565,1.9754638612029114,5.565217391304348,0.9880189646358775
20.423807935978658,5.043478260869565,1.9754638612029114,5.565217391304348,0.9880189646358775
20.44481493831277,5.043478260869565,1.9754638612029114,5.565217391304348,0.9880189646358775
20.465821940646883,5.026086956521739,1.966948064411142,5.565217391304348,0.9880189646358775
20.486828942980992,5.008695652173913,1.9582407906917172,5.565217391304348,0.9880189646358775
20.507835945315104,4.982608695652174,1.9515104905449507,5.565217391304348,0.9880189646358775
20.528842947649217,4.973913043478261,1.9580863309351517,5.565217391304348,0.9880189646358775
20.54984994998333,4.965217391304348,1.9423447720759015,5.565217391304348,0.9880189646358775
20.57085695231744,4.965217391304348,1.9423447720759015,5.565217391304348,0.9880189646358775
20.591863954651547,4.947826086956522,1.9374724828828322,5.565217391304348,0.9880189646358775
20.61287095698566,4.930434782608696,1.9458841251100716,5.565217391304348,0.9880189646358775
20.633877959319776,4.930434782608696,1.9458841251100716,5.565217391304348,0.9880189646358775
20.654884961653888,4.930434782608696,1.9458841251100716,5.565217391304348,0.9880189646358775
20.675891963987997,4.930434782608696,1.9458841251100716,5.565217391304348,0.9880189646358775
20.696898966322106,4.921739130434783,1.9433177640177814,5.565217391304348,0.9880189646358775
20.71790596865622,4.921739130434783,1.9433177640177814,5.565217391304348,0.9880189646358775
20.73891297099033,4.904347826086957,1.9425394094529673,5.565217391304348,0.9880189646358775
20.75991997332444,4.878260869565217,1.9026198235108966,5.565217391304348,0.9880189646358775
20.780926975658552,4.869565217391305,1.9043279728963147,5.565217391304348,0.9880189646358775
20.801933977992665,4.869565217391305,1.9043279728963147,5.565217391304348,0.9880189646358775
20.822940980326777,4.869565217391305,1.9043279728963147,5.565217391304348,0.9880189646358775
20.84394798266089,4.860869565217391,1.9014271826217417,5.565217391304348,0.9880189646358775
20.864954984995,4.852173913043479,1.8938962749287607,5.565217391304348,0.9880189646358775
20.885961987329107,4.843478260869565,1.8908995068960128,5.565217391304348,0.9880189646358775
20.90696898966322,4.843478260869565,1.8908995068960128,5.565217391304348,0.9880189646358775
20.927975991997332,4.843478260869565,1.8908995068960128,5.565217391304348,0.9880189646358775
20.948982994331445,4.843478260869565,1.8908995068960128,5.565217391304348,0.9880189646358775
20.969989996665554,4.834782608695652,1.8832462019313478,5.565217391304348,0.9880189646358775
20.990996998999666,4.826086956521739,1.8939761238347104,5.565217391304348,0.9880189646358775
21.01200400133378,4.817391304347826,1.9000348220866314,5.565217391304348,0.9880189646358775
21.03301100366789,4.8,1.8982829770267564,5.565217391304348,0.9880189646358775
21.054018006002,4.791304347826087,1.8996368173435636,5.565217391304348,0.9880189646358775
21.07502500833611,4.791304347826087,1.8996368173435636,5.565217391304348,0.9880189646358775
21.09603201067022,4.765217391304348,1.871202518645296,5.565217391304348,0.9880189646358775
21.117039013004337,4.747826086956522,1.8455279827116264,5.565217391304348,0.9880189646358775
21.138046015338446,4.730434782608696,1.8288591793576139,5.565217391304348,0.9880189646358775
21.159053017672555,4.730434782608696,1.8288591793576139,5.565217391304348,0.9880189646358775
21.180060020006668,4.721739130434782,1.834679576748587,5.565217391304348,0.9880189646358775
21.20106702234078,4.71304347826087,1.8404404831514338,5.565217391304348,0.9880189646358775
21.222074024674892,4.71304347826087,1.8404404831514338,5.565217391304348,0.9880189646358775
21.243081027009,4.6869565217391305,1.8479846479284416,5.565217391304348,0.9880189646358775
21.264088029343114,4.6869565217391305,1.8479846479284416,5.565217391304348,0.9880189646358775
21.285095031677226,4.678260869565217,1.848843709560614,5.565217391304348,0.9880189646358775
21.30610203401134,4.678260869565217,1.848843709560614,5.565217391304348,0.9880189646358775
21.32710903634545,4.6695652173913045,1.8402350470402924,5.565217391304348,0.9880189646358775
21.34811603867956,4.6695652173913045,1.8402350470402924,5.565217391304348,0.9880189646358775
21.36912304101367,4.6695652173913045,1.8402350470402924,5.565217391304348,0.9880189646358775
21.39013004334778,4.660869565217391,1.8504380516479788,5.565217391304348,0.9880189646358775
21.411137045681894,4.643478260869565,1.8659013644084521,5.565217391304348,0.9880189646358775
21.432144048016006,4.643478260869565,1.8659013644084521,5.565217391304348,0.9880189646358775
21.453151050350115,4.6347826086956525,1.8758438554774022,5.565217391304348,0.9880189646358775
21.474158052684228,4.626086956521739,1.88107679414798,5.565217391304348,0.9880189646358775
21.49516505501834,4.6173913043478265,1.8816394733716852,5.565217391304348,0.9880189646358775
21.516172057352453,4.608695652173913,1.8728989488463579,5.565217391304348,0.9880189646358775
21.53717905968656,4.6,1.854723699099141,5.565217391304348,0.9880189646358775
21.55818606202067,4.6,1.854723699099141,5.565217391304348,0.9880189646358775
21.579193064354783,4.6,1.854723699099141,5.565217391304348,0.9880189646358775
21.6002000666889,4.591304347826087,1.845773796371701,5.565217391304348,0.9880189646358775
21.621207069023008,4.591304347826087,1.845773796371701,5.565217391304348,0.9880189646358775
21.642214071357117,4.591304347826087,1.845773796371701,5.565217391304348,0.9880189646358775
21.66322107369123,4.591304347826087,1.845773796371701,5.565217391304348,0.9880189646358775
21.68422807602534,4.591304347826087,1.845773796371701,5.565217391304348,0.9880189646358775
21.705235078359454,4.591304347826087,1.845773796371701,5.565217391304348,0.9880189646358775
21.726242080693563,4.582608695652174,1.8367391175698693,5.565217391304348,0.9880189646358775
21.747249083027675,4.573913043478261,1.8323701428108488,5.565217391304348,0.9880189646358775
21.768256085361788,4.573913043478261,1.8323701428108488,5.565217391304348,0.9880189646358775
21.7892630876959,4.573913043478261,1.8323701428108488,5.565217391304348,0.9880189646358775
21.81027009003001,4.565217391304348,1.8279493608370276,5.565217391304348,0.9880189646358775
21.831277092364118,4.547826086956522,1.8189508598705515,5.565217391304348,0.9880189646358775
21.85228409469823,4.539130434782609,1.8143723625384314,5.565217391304348,0.9880189646358775
21.873291097032343,4.539130434782609,1.8143723625384314,5.565217391304348,0.9880189646358775
21.894298099366456,4.539130434782609,1.8143723625384314,5.565217391304348,0.9880189646358775
21.915305101700568,4.530434782608696,1.8145390557596512,5.565217391304348,0.9880189646358775
21.936312104034677,4.530434782608696,1.8145390557596512,5.565217391304348,0.9880189646358775
21.95731910636879,4.530434782608696,1.8145390557596512,5.565217391304348,0.9880189646358775
21.978326108702902,4.530434782608696,1.8145390557596512,5.565217391304348,0.9880189646358775
21.999333111037014,4.530434782608696,1.8145390557596512,5.565217391304348,0.9880189646358775
22.020340113371123,4.530434782608696,1.8145390557596512,5.565217391304348,0.9880189646358775
22.041347115705232,4.530434782608696,1.8145390557596512,5.565217391304348,0.9880189646358775
22.062354118039348,4.530434782608696,1.8145390557596512,5.565217391304348,0.9880189646358775
22.08336112037346,4.530434782608696,1.8145390557596512,5.565217391304348,0.9880189646358775
22.10436812270757,4.521739130434782,1.8002310290721095,5.565217391304348,0.9880189646358775
22.12537512504168,4.51304347826087,1.7808899455355576,5.565217391304348,0.9880189646358775
22.14638212737579,4.51304347826087,1.7808899455355576,5.565217391304348,0.9880189646358775
22.167389129709903,4.51304347826087,1.7808899455355576,5.565217391304348,0.9880189646358775
22.188396132044016,4.51304347826087,1.7808899455355576,5.565217391304348,0.9880189646358775
22.209403134378125,4.51304347826087,1.7808899455355576,5.565217391304348,0.9880189646358775
22.230410136712237,4.504347826086956,1.7760430519824888,5.565217391304348,0.9880189646358775
22.25141713904635,4.504347826086956,1.7760430519824888,5.565217391304348,0.9880189646358775
22.272424141380462,4.504347826086956,1.7760430519824888,5.565217391304348,0.9880189646358775
22.29343114371457,4.504347826086956,1.7760430519824888,5.565217391304348,0.9880189646358775
22.31443814604868,4.504347826086956,1.7760430519824888,5.565217391304348,0.9880189646358775
22.335445148382792,4.504347826086956,1.7760430519824888,5.565217391304348,0.9880189646358775
22.356452150716905,4.504347826086956,1.7760430519824888,5.565217391304348,0.9880189646358775
22.377459153051017,4.504347826086956,1.7760430519824888,5.565217391304348,0.9880189646358775
22.39846615538513,4.504347826086956,1.7760430519824888,5.565217391304348,0.9880189646358775
22.41947315771924,4.504347826086956,1.7760430519824888,5.565217391304348,0.9880189646358775
22.44048016005335,4.504347826086956,1.7760430519824888,5.565217391304348,0.9880189646358775
22.461487162387463,4.504347826086956,1.7760430519824888,5.565217391304348,0.9880189646358775
22.482494164721572,4.504347826086956,1.7760430519824888,5.565217391304348,0.9880189646358775
22.50350116705568,4.504347826086956,1.7760430519824888,5.565217391304348,0.9880189646358775
22.524508169389794,4.495652173913044,1.78580836911213,5.565217391304348,0.9880189646358775
22.54551517172391,4.495652173913044,1.78580836911213,5.565217391304348,0.9880189646358775
22.566522174058022,4.495652173913044,1.78580836911213,5.565217391304348,0.9880189646358775
22.58752917639213,4.495652173913044,1.78580836911213,5.565217391304348,0.9880189646358775
22.60853617872624,4.495652173913044,1.78580836911213,5.565217391304348,0.9880189646358775
22.629543181060352,4.495652173913044,1.78580836911213,5.565217391304348,0.9880189646358775
22.650550183394465,4.48695652173913,1.7808899455355576,5.565217391304348,0.9880189646358775
22.671557185728577,4.48695652173913,1.7808899455355576,5.565217391304348,0.9880189646358775
22.692564188062686,4.48695652173913,1.7808899455355576,5.565217391304348,0.9880189646358775
22.7135711903968,4.48695652173913,1.7808899455355576,5.565217391304348,0.9880189646358775
22.73457819273091,4.48695652173913,1.7808899455355576,5.565217391304348,0.9880189646358775
22.755585195065024,4.478260869565218,1.785681339150563,5.565217391304348,0.9880189646358775
22.776592197399133,4.478260869565218,1.785681339150563,5.565217391304348,0.9880189646358775
22.79759919973324,4.478260869565218,1.785681339150563,5.565217391304348,0.9880189646358775
22.818606202067354,4.478260869565218,1.785681339150563,5.565217391304348,0.9880189646358775
22.839613204401466,4.478260869565218,1.785681339150563,5.565217391304348,0.9880189646358775
22.86062020673558,4.478260869565218,1.785681339150563,5.565217391304348,0.9880189646358775
22.88162720906969,4.478260869565218,1.785681339150563,5.565217391304348,0.9880189646358775
22.9026342114038,4.478260869565218,1.785681339150563,5.565217391304348,0.9880189646358775
22.923641213737913,4.478260869565218,1.785681339150563,5.565217391304348,0.9880189646358775
22.944648216072025,4.478260869565218,1.785681339150563,5.565217391304348,0.9880189646358775
22.965655218406134,4.478260869565218,1.785681339150563,5.565217391304348,0.9880189646358775
22.986662220740243,4.478260869565218,1.785681339150563,5.565217391304348,0.9880189646358775
23.007669223074355,4.478260869565218,1.785681339150563,5.565217391304348,0.9880189646358775
23.02867622540847,4.478260869565218,1.785681339150563,5.565217391304348,0.9880189646358775
23.049683227742584,4.478260869565218,1.785681339150563,5.565217391304348,0.9880189646358775
23.070690230076693,4.478260869565218,1.785681339150563,5.565217391304348,0.9880189646358775
23.0916972324108,4.478260869565218,1.785681339150563,5.565217391304348,0.9880189646358775
23.112704234744914,4.478260869565218,1.785681339150563,5.565217391304348,0.9880189646358775
23.133711237079027,4.478260869565218,1.785681339150563,5.565217391304348,0.9880189646358775
23.154718239413135,4.478260869565218,1.785681339150563,5.565217391304348,0.9880189646358775
23.175725241747248,4.478260869565218,1.785681339150563,5.565217391304348,0.9880189646358775
23.19673224408136,4.478260869565218,1.785681339150563,5.565217391304348,0.9880189646358775
23.217739246415473,4.478260869565218,1.785681339150563,5.565217391304348,0.9880189646358775
23.238746248749585,4.469565217391304,1.7904176784030024,5.565217391304348,0.9880189646358775
23.259753251083694,4.469565217391304,1.7904176784030024,5.565217391304348,0.9880189646358775
23.280760253417803,4.469565217391304,1.7904176784030024,5.565217391304348,0.9880189646358775
23.301767255751916,4.469565217391304,1.7904176784030024,5.565217391304348,0.9880189646358775
23.322774258086028,4.469565217391304,1.7904176784030024,5.565217391304348,0.9880189646358775
23.34378126042014,4.469565217391304,1.7904176784030024,5.565217391304348,0.9880189646358775
23.364788262754253,4.469565217391304,1.7904176784030024,5.565217391304348,0.9880189646358775
23.385795265088362,4.469565217391304,1.7904176784030024,5.565217391304348,0.9880189646358775
23.406802267422474,4.469565217391304,1.7904176784030024,5.565217391304348,0.9880189646358775
23.427809269756587,4.469565217391304,1.7904176784030024,5.565217391304348,0.9880189646358775
23.448816272090696,4.469565217391304,1.7904176784030024,5.565217391304348,0.9880189646358775
23.469823274424805,4.469565217391304,1.7904176784030024,5.565217391304348,0.9880189646358775
23.490830276758917,4.469565217391304,1.7904176784030024,5.565217391304348,0.9880189646358775
23.511837279093033,4.469565217391304,1.7904176784030024,5.565217391304348,0.9880189646358775
23.532844281427145,4.469565217391304,1.7904176784030024,5.565217391304348,0.9880189646358775
23.553851283761254,4.469565217391304,1.7904176784030024,5.565217391304348,0.9880189646358775
23.574858286095363,4.469565217391304,1.7904176784030024,5.565217391304348,0.9880189646358775
23.595865288429476,4.460869565217391,1.7902487391991535,5.565217391304348,0.9880189646358775
23.616872290763588,4.460869565217391,1.7902487391991535,5.565217391304348,0.9880189646358775
23.637879293097697,4.460869565217391,1.7902487391991535,5.565217391304348,0.9880189646358775
23.65888629543181,4.460869565217391,1.7902487391991535,5.565217391304348,0.9880189646358775
23.679893297765922,4.460869565217391,1.7902487391991535,5.565217391304348,0.9880189646358775
23.700900300100034,4.460869565217391,1.7902487391991535,5.565217391304348,0.9880189646358775
23.721907302434147,4.460869565217391,1.7902487391991535,5.565217391304348,0.9880189646358775
23.742914304768256,4.460869565217391,1.7902487391991535,5.565217391304348,0.9880189646358775
23.763921307102365,4.460869565217391,1.7902487391991535,5.565217391304348,0.9880189646358775
23.784928309436477,4.460869565217391,1.7902487391991535,5.565217391304348,0.9880189646358775
23.80593531177059,4.460869565217391,1.7902487391991535,5.565217391304348,0.9880189646358775
23.826942314104702,4.460869565217391,1.7902487391991535,5.565217391304348,0.9880189646358775
23.84794931643881,4.460869565217391,1.7902487391991535,5.565217391304348,0.9880189646358775
23.868956318772923,4.460869565217391,1.7902487391991535,5.565217391304348,0.9880189646358775
23.889963321107036,4.460869565217391,1.7902487391991535,5.565217391304348,0.9880189646358775
23.91097032344115,4.460869565217391,1.7902487391991535,5.565217391304348,0.9880189646358775
23.931977325775257,4.460869565217391,1.7902487391991535,5.565217391304348,0.9880189646358775
23.952984328109366,4.460869565217391,1.7902487391991535,5.565217391304348,0.9880189646358775
23.97399133044348,4.460869565217391,1.7902487391991535,5.565217391304348,0.9880189646358775
23.994998332777595,4.460869565217391,1.7902487391991535,5.565217391304348,0.9880189646358775
24.016005335111707,4.460869565217391,1.7902487391991535,5.565217391304348,0.9880189646358775
24.037012337445816,4.460869565217391,1.7902487391991535,5.565217391304348,0.9880189646358775
24.058019339779925,4.460869565217391,1.7902487391991535,5.565217391304348,0.9880189646358775
24.079026342114037,4.452173913043478,1.7997269274066312,5.565217391304348,0.9880189646358775
24.10003334444815,4.452173913043478,1.7997269274066312,5.565217391304348,0.9880189646358775
24.12104034678226,4.452173913043478,1.7997269274066312,5.565217391304348,0.9880189646358775
24.14204734911637,4.452173913043478,1.7997269274066312,5.565217391304348,0.9880189646358775
24.163054351450484,4.452173913043478,1.7997269274066312,5.565217391304348,0.9880189646358775
24.184061353784596,4.452173913043478,1.7997269274066312,5.565217391304348,0.9880189646358775
24.20506835611871,4.452173913043478,1.7997269274066312,5.565217391304348,0.9880189646358775
24.226075358452817,4.452173913043478,1.7997269274066312,5.565217391304348,0.9880189646358775
24.247082360786926,4.452173913043478,1.7997269274066312,5.565217391304348,0.9880189646358775
24.26808936312104,4.452173913043478,1.7997269274066312,5.565217391304348,0.9880189646358775
24.28909636545515,4.452173913043478,1.7997269274066312,5.565217391304348,0.9880189646358775
24.310103367789264,4.452173913043478,1.7997269274066312,5.565217391304348,0.9880189646358775
24.331110370123373,4.452173913043478,1.7997269274066312,5.565217391304348,0.9880189646358775
24.352117372457485,4.452173913043478,1.7997269274066312,5.565217391304348,0.9880189646358775
24.373124374791598,4.452173913043478,1.7997269274066312,5.565217391304348,0.9880189646358775
24.39413137712571,4.452173913043478,1.7997269274066312,5.565217391304348,0.9880189646358775
24.41513837945982,4.452173913043478,1.7997269274066312,5.565217391304348,0.9880189646358775
24.436145381793928,4.452173913043478,1.7997269274066312,5.565217391304348,0.9880189646358775
24.45715238412804,4.452173913043478,1.7997269274066312,5.565217391304348,0.9880189646358775
24.478159386462156,4.452173913043478,1.7997269274066312,5.565217391304348,0.9880189646358775
24.499166388796265,4.452173913043478,1.7997269274066312,5.565217391304348,0.9880189646358775
24.520173391130374,4.452173913043478,1.7997269274066312,5.565217391304348,0.9880189646358775
24.541180393464487,4.452173913043478,1.7997269274066312,5.565217391304348,0.9880189646358775
24.5621873957986,4.452173913043478,1.7997269274066312,5.565217391304348,0.9880189646358775
24.58319439813271,4.452173913043478,1.7997269274066312,5.565217391304348,0.9880189646358775
24.60420140046682,4.452173913043478,1.7997269274066312,5.565217391304348,0.9880189646358775
24.625208402800933,4.452173913043478,1.7997269274066312,5.565217391304348,0.9880189646358775
24.646215405135045,4.452173913043478,1.7997269274066312,5.565217391304348,0.9880189646358775
24.667222407469158,4.452173913043478,1.7997269274066312,5.565217391304348,0.9880189646358775
24.68822940980327,4.452173913043478,1.7997269274066312,5.565217391304348,0.9880189646358775
24.70923641213738,4.452173913043478,1.7997269274066312,5.565217391304348,0.9880189646358775
24.730243414471488,4.452173913043478,1.7997269274066312,5.565217391304348,0.9880189646358775
24.7512504168056,4.452173913043478,1.7997269274066312,5.556521739130435,0.9973120775174602
24.772257419139713,4.452173913043478,1.7997269274066312,5.556521739130435,0.9973120775174602
24.793264421473825,4.452173913043478,1.7997269274066312,5.556521739130435,0.9973120775174602
24.814271423807934,4.452173913043478,1.7997269274066312,5.556521739130435,0.9973120775174602
24.835278426142047,4.452173913043478,1.7997269274066312,5.547826086956522,1.006444264085585
24.85628542847616,4.452173913043478,1.7997269274066312,5.547826086956522,1.006444264085585
24.87729243081027,4.452173913043478,1.7997269274066312,5.547826086956522,1.006444264085585
24.89829943314438,4.452173913043478,1.7997269274066312,5.547826086956522,1.006444264085585
24.91930643547849,4.452173913043478,1.7997269274066312,5.547826086956522,1.006444264085585
24.940313437812602,4.452173913043478,1.7997269274066312,5.547826086956522,1.006444264085585
24.961320440146718,4.452173913043478,1.7997269274066312,5.547826086956522,1.006444264085585
24.982327442480827,4.452173913043478,1.7997269274066312,5.547826086956522,1.006444264085585
25.003334444814936,4.452173913043478,1.7997269274066312,5.547826086956522,1.006444264085585
25.024341447149048,4.452173913043478,1.7997269274066312,5.547826086956522,1.006444264085585
25.04534844948316,4.452173913043478,1.7997269274066312,5.547826086956522,1.006444264085585
25.066355451817273,4.452173913043478,1.7997269274066312,5.547826086956522,1.006444264085585
25.087362454151382,4.452173913043478,1.7997269274066312,5.547826086956522,1.006444264085585
25.108369456485494,4.452173913043478,1.7997269274066312,5.547826086956522,1.006444264085585
25.129376458819607,4.452173913043478,1.7997269274066312,5.547826086956522,1.006444264085585
25.15038346115372,4.452173913043478,1.7997269274066312,5.547826086956522,1.006444264085585
25.17139046348783,4.452173913043478,1.7997269274066312,5.547826086956522,1.006444264085585
25.192397465821937,4.452173913043478,1.7997269274066312,5.547826086956522,1.006444264085585
25.21340446815605,4.452173913043478,1.7997269274066312,5.547826086956522,1.006444264085585
25.234411470490162,4.452173913043478,1.7997269274066312,5.547826086956522,1.006444264085585
25.255418472824275,4.452173913043478,1.7997269274066312,5.547826086956522,1.006444264085585
25.276425475158387,4.452173913043478,1.7997269274066312,5.547826086956522,1.006444264085585
25.297432477492496,4.452173913043478,1.7997269274066312,5.547826086956522,1.006444264085585
25.31843947982661,4.452173913043478,1.7997269274066312,5.547826086956522,1.006444264085585
25.33944648216072,4.452173913043478,1.7997269274066312,5.539130434782609,1.0239476593428611
25.360453484494833,4.452173913043478,1.7997269274066312,5.539130434782609,1.0239476593428611
25.381460486828942,4.452173913043478,1.7997269274066312,5.539130434782609,1.0239476593428611
25.40246748916305,4.452173913043478,1.7997269274066312,5.539130434782609,1.0239476593428611
25.423474491497164,4.452173913043478,1.7997269274066312,5.539130434782609,1.0239476593428611
25.44448149383128,4.452173913043478,1.7997269274066312,5.539130434782609,1.0239476593428611
25.46548849616539,4.452173913043478,1.7997269274066312,5.539130434782609,1.0239476593428611
25.486495498499497,4.452173913043478,1.7997269274066312,5.539130434782609,1.0239476593428611
25.50750250083361,4.452173913043478,1.7997269274066312,5.539130434782609,1.0239476593428611
25.528509503167722,4.452173913043478,1.7997269274066312,5.539130434782609,1.0239476593428611
25.549516505501835,4.452173913043478,1.7997269274066312,5.530434782608696,1.0242430004679366
25.570523507835944,4.452173913043478,1.7997269274066312,5.530434782608696,1.0242430004679366
25.591530510170056,4.452173913043478,1.7997269274066312,5.521739130434782,1.015940995265037
25.61253751250417,4.452173913043478,1.7997269274066312,5.521739130434782,1.015940995265037
25.63354451483828,4.452173913043478,1.7997269274066312,5.521739130434782,1.015940995265037
25.65455151717239,4.452173913043478,1.7997269274066312,5.51304347826087,1.0330639728606763
25.6755585195065,4.452173913043478,1.7997269274066312,5.504347826086956,1.0246858525461926
25.69656552184061,4.452173913043478,1.7997269274066312,5.48695652173913,1.00749553794506
25.717572524174724,4.452173913043478,1.7997269274066312,5.478260869565218,1.0159409952650367
25.738579526508836,4.452173913043478,1.7997269274066312,5.478260869565218,1.0159409952650367
25.75958652884295,4.452173913043478,1.7997269274066312,5.478260869565218,1.0159409952650367
25.780593531177058,4.452173913043478,1.7997269274066312,5.478260869565218,1.0159409952650367
25.80160053351117,4.452173913043478,1.7997269274066312,5.469565217391304,1.0326979366472016
25.822607535845282,4.452173913043478,1.7997269274066312,5.469565217391304,1.0326979366472016
25.84361453817939,4.452173913043478,1.7997269274066312,5.469565217391304,1.0326979366472016
25.8646215405135,4.452173913043478,1.7997269274066312,5.452173913043478,1.0487547751738273
25.885628542847613,4.452173913043478,1.7997269274066312,5.452173913043478,1.0487547751738273
25.906635545181725,4.452173913043478,1.7997269274066312,5.443478260869565,1.0565843602841067
25.92764254751584,4.452173913043478,1.7997269274066312,5.434782608695652,1.0642853064900342
25.94864954984995,4.452173913043478,1.7997269274066312,5.426086956521739,1.0637167779737757
25.96965655218406,4.452173913043478,1.7997269274066312,5.417391304347826,1.0548654041127479
25.99066355451817,4.452173913043478,1.7997269274066312,5.417391304347826,1.0548654041127479
26.011670556852284,4.452173913043478,1.7997269274066312,5.417391304347826,1.0548654041127479
26.032677559186396,4.452173913043478,1.7997269274066312,5.391304347826087,1.0524972553834961
26.053684561520505,4.452173913043478,1.7997269274066312,5.391304347826087,1.0524972553834961
26.074691563854618,4.452173913043478,1.7997269274066312,5.391304347826087,1.0524972553834961
26.09569856618873,4.452173913043478,1.7997269274066312,5.391304347826087,1.0524972553834961
26.116705568522843,4.452173913043478,1.7997269274066312,5.391304347826087,1.0524972553834961
26.137712570856955,4.452173913043478,1.7997269274066312,5.3826086956521735,1.059799888376408
26.15871957319106,4.452173913043478,1.7997269274066312,5.373913043478261,1.0669816800123801
26.179726575525173,4.452173913043478,1.7997269274066312,5.3652173913043475,1.0740450543752704
26.200733577859285,4.452173913043478,1.7997269274066312,5.3652173913043475,1.0740450543752704
26.221740580193398,4.452173913043478,1.7997269274066312,5.356521739130435,1.064782519928272
26.242747582527507,4.452173913043478,1.7997269274066312,5.3478260869565215,1.0717192872314178
26.26375458486162,4.452173913043478,1.7997269274066312,5.3478260869565215,1.0717192872314178
26.28476158719573,4.452173913043478,1.7997269274066312,5.339130434782609,1.0785413379974715
26.305768589529844,4.452173913043478,1.7997269274066312,5.3304347826086955,1.0772084625705687
26.326775591863957,4.452173913043478,1.7997269274066312,5.321739130434783,1.0758036517712983
26.347782594198062,4.452173913043478,1.7997269274066312,5.321739130434783,1.0758036517712983
26.368789596532174,4.452173913043478,1.7997269274066312,5.3130434782608695,1.0743266234073392
26.38979659886629,4.452173913043478,1.7997269274066312,5.304347826086956,1.07277707918547
26.410803601200403,4.452173913043478,1.7997269274066312,5.2956521739130435,1.0792421901982752
26.431810603534508,4.452173913043478,1.7997269274066312,5.2956521739130435,1.0792421901982752
26.45281760586862,4.452173913043478,1.7997269274066312,5.28695652173913,1.0775593791067595
26.473824608202733,4.452173913043478,1.7997269274066312,5.269565217391304,1.082041059499289
26.494831610536846,4.452173913043478,1.7997269274066312,5.252173913043478,1.0619381645870098
26.515838612870958,4.452173913043478,1.7997269274066312,5.234782608695652,1.0659181368567434
26.536845615205067,4.452173913043478,1.7997269274066312,5.208695652173913,1.059086170275135
26.55785261753918,4.452173913043478,1.7997269274066312,5.191304347826087,1.0705191928008624
26.578859619873292,4.452173913043478,1.7997269274066312,5.182608695652174,1.0760847606477377
26.599866622207404,4.452173913043478,1.7997269274066312,5.173913043478261,1.0734816947485888
26.620873624541517,4.452173913043478,1.7997269274066312,5.173913043478261,1.0734816947485888
26.641880626875622,4.452173913043478,1.7997269274066312,5.165217391304348,1.0626499671768785
26.662887629209735,4.452173913043478,1.7997269274066312,5.156521739130435,1.059871233752528
26.683894631543847,4.452173913043478,1.7997269274066312,5.130434782608695,1.0510594169316045
26.70490163387796,4.452173913043478,1.7997269274066312,5.121739130434783,1.0479613840127187
26.72590863621207,4.452173913043478,1.7997269274066312,5.113043478260869,1.0530718410713804
26.74691563854618,4.452173913043478,1.7997269274066312,5.113043478260869,1.0530718410713804
26.767922640880293,4.452173913043478,1.7997269274066312,5.113043478260869,1.0530718410713804
26.788929643214406,4.452173913043478,1.7997269274066312,5.095652173913043,1.046517313622983
26.809936645548518,4.452173913043478,1.7997269274066312,5.078260869565217,1.0562264751130217
26.830943647882624,4.452173913043478,1.7997269274066312,5.078260869565217,1.0562264751130217
26.851950650216736,4.452173913043478,1.7997269274066312,5.060869565217391,1.065563386576723
26.872957652550852,4.452173913043478,1.7997269274066312,5.052173913043478,1.0619381645870098
26.893964654884964,4.452173913043478,1.7997269274066312,5.043478260869565,1.066414588991714
26.91497165721907,4.452173913043478,1.7997269274066312,5.034782608695652,1.054435227215591
26.935978659553182,4.452173913043478,1.7997269274066312,4.982608695652174,1.0298383891419434
26.956985661887295,4.452173913043478,1.7997269274066312,4.965217391304348,1.0461559845670094
26.977992664221407,4.452173913043478,1.7997269274066312,4.947826086956522,1.0537178754574685
26.99899966655552,4.452173913043478,1.7997269274066312,4.947826086956522,1.0537178754574685
27.02000666888963,4.452173913043478,1.7997269274066312,4.939130434782609,1.0491152091725686
27.04101367122374,4.452173913043478,1.7997269274066312,4.930434782608696,1.0360605919030597
27.062020673557853,4.452173913043478,1.7997269274066312,4.904347826086957,1.0212857458464732
27.083027675891966,4.452173913043478,1.7997269274066312,4.878260869565217,1.0312324925477283
27.10403467822607,4.452173913043478,1.7997269274066312,4.869565217391305,1.0088455660711775
27.125041680560184,4.452173913043478,1.7997269274066312,4.834782608695652,0.9950349330342186
27.146048682894296,4.452173913043478,1.7997269274066312,4.834782608695652,0.9950349330342186
27.16705568522841,4.452173913043478,1.7997269274066312,4.826086956521739,0.9979184384657234
27.18806268756252,4.452173913043478,1.7997269274066312,4.826086956521739,0.9979184384657234
27.20906968989663,4.452173913043478,1.7997269274066312,4.826086956521739,0.9979184384657234
27.230076692230742,4.452173913043478,1.7997269274066312,4.817391304347826,1.00937008937044
27.251083694564855,4.452173913043478,1.7997269274066312,4.817391304347826,1.00937008937044
27.272090696898967,4.452173913043478,1.7997269274066312,4.808695652173913,1.0120633437291495
27.29309769923308,4.452173913043478,1.7997269274066312,4.8,1.0146749318827701
27.314104701567185,4.452173913043478,1.7997269274066312,4.791304347826087,1.017205482844505
27.335111703901298,4.452173913043478,1.7997269274066312,4.782608695652174,1.019655599961615
27.356118706235414,4.452173913043478,1.7997269274066312,4.782608695652174,1.019655599961615
27.377125708569526,4.452173913043478,1.7997269274066312,4.773913043478261,1.0220258617098594
27.39813271090363,4.452173913043478,1.7997269274066312,4.756521739130434,1.018022843750068
27.419139713237744,4.452173913043478,1.7997269274066312,4.747826086956522,1.0286629418887037
27.440146715571856,4.452173913043478,1.7997269274066312,4.747826086956522,1.0286629418887037
27.46115371790597,4.452173913043478,1.7997269274066312,4.747826086956522,1.0286629418887037
27.48216072024008,4.452173913043478,1.7997269274066312,4.747826086956522,1.0286629418887037
27.50316772257419,4.452173913043478,1.7997269274066312,4.739130434782608,1.0222477919781283
27.524174724908303,4.452173913043478,1.7997269274066312,4.721739130434782,1.0004157925752806
27.545181727242415,4.452173913043478,1.7997269274066312,4.721739130434782,1.0004157925752806
27.566188729576528,4.452173913043478,1.7997269274066312,4.71304347826087,1.0023035849334823
27.587195731910633,4.452173913043478,1.7997269274066312,4.71304347826087,1.0023035849334823
27.608202734244745,4.452173913043478,1.7997269274066312,4.71304347826087,1.0023035849334823
27.629209736578858,4.452173913043478,1.7997269274066312,4.71304347826087,1.0023035849334823
27.65021673891297,4.452173913043478,1.7997269274066312,4.7043478260869565,1.0041125265494575
27.671223741247083,4.452173913043478,1.7997269274066312,4.6869565217391305,0.9988272896909557
27.69223074358119,4.452173913043478,1.7997269274066312,4.6695652173913045,0.9932094584504255
27.713237745915304,4.452173913043478,1.7997269274066312,4.6695652173913045,0.9932094584504255
27.734244748249417,4.452173913043478,1.7997269274066312,4.660869565217391,0.985873759638266
27.75525175058353,4.452173913043478,1.7997269274066312,4.660869565217391,0.985873759638266
27.776258752917634,4.452173913043478,1.7997269274066312,4.6521739130434785,0.9784057863676663
27.797265755251747,4.452173913043478,1.7997269274066312,4.6521739130434785,0.9784057863676663
27.81827275758586,4.452173913043478,1.7997269274066312,4.6521739130434785,0.9784057863676663
27.839279759919975,4.452173913043478,1.7997269274066312,4.6521739130434785,0.9784057863676663
27.860286762254088,4.452173913043478,1.7997269274066312,4.6521739130434785,0.9784057863676663
27.881293764588193,4.452173913043478,1.7997269274066312,4.643478260869565,0.9885545385128565
27.902300766922306,4.452173913043478,1.7997269274066312,4.643478260869565,0.9885545385128565
27.923307769256418,4.452173913043478,1.7997269274066312,4.643478260869565,0.9885545385128565
27.94431477159053,4.452173913043478,1.7997269274066312,4.6347826086956525,0.9809528179285129
27.965321773924643,4.452173913043478,1.7997269274066312,4.6347826086956525,0.9809528179285129
27.986328776258752,4.452173913043478,1.7997269274066312,4.6347826086956525,0.9809528179285129
28.007335778592864,4.452173913043478,1.7997269274066312,4.6347826086956525,0.9809528179285129
28.028342780926977,4.452173913043478,1.7997269274066312,4.6347826086956525,0.9809528179285129
28.04934978326109,4.452173913043478,1.7997269274066312,4.6347826086956525,0.9809528179285129
28.070356785595195,4.452173913043478,1.7997269274066312,4.6347826086956525,0.9809528179285129
28.091363787929307,4.452173913043478,1.7997269274066312,4.6347826086956525,0.9809528179285129
28.11237079026342,4.452173913043478,1.7997269274066312,4.626086956521739,0.9821083758953392
28.133377792597532,4.452173913043478,1.7997269274066312,4.6173913043478265,0.9919906091390371
28.154384794931644,4.452173913043478,1.7997269274066312,4.6173913043478265,0.9919906091390371
28.175391797265753,4.452173913043478,1.7997269274066312,4.6173913043478265,0.9919906091390371
28.196398799599866,4.452173913043478,1.7997269274066312,4.608695652173913,0.9929810381648834
28.217405801933978,4.452173913043478,1.7997269274066312,4.608695652173913,0.9929810381648834
28.23841280426809,4.452173913043478,1.7997269274066312,4.6,1.0026053018533005
28.259419806602196,4.452173913043478,1.7997269274066312,4.6,1.0026053018533005
28.28042680893631,4.452173913043478,1.7997269274066312,4.6,1.0026053018533005
28.30143381127042,4.452173913043478,1.7997269274066312,4.591304347826087,1.0120633437291495
28.322440813604537,4.452173913043478,1.7997269274066312,4.591304347826087,1.0120633437291495
28.34344781593865,4.452173913043478,1.7997269274066312,4.582608695652174,1.0128101989291085
28.364454818272755,4.452173913043478,1.7997269274066312,4.582608695652174,1.0128101989291085
28.385461820606867,4.452173913043478,1.7997269274066312,4.582608695652174,1.0128101989291085
28.40646882294098,4.452173913043478,1.7997269274066312,4.582608695652174,1.0128101989291085
28.427475825275092,4.452173913043478,1.7997269274066312,4.582608695652174,1.0128101989291085
28.448482827609197,4.452173913043478,1.7997269274066312,4.582608695652174,1.0128101989291085
28.469489829943313,4.452173913043478,1.7997269274066312,4.582608695652174,1.0128101989291085
28.490496832277426,4.452173913043478,1.7997269274066312,4.582608695652174,1.0128101989291085
28.51150383461154,4.452173913043478,1.7997269274066312,4.582608695652174,1.0128101989291085
28.53251083694565,4.452173913043478,1.7997269274066312,4.582608695652174,1.0128101989291085
28.553517839279756,4.452173913043478,1.7997269274066312,4.582608695652174,1.0128101989291085
28.57452484161387,4.452173913043478,1.7997269274066312,4.582608695652174,1.0128101989291085
28.59553184394798,4.443478260869565,1.7800405679198588,4.582608695652174,1.0128101989291085
28.616538846282094,4.443478260869565,1.7800405679198588,4.582608695652174,1.0128101989291085
28.637545848616206,4.443478260869565,1.7800405679198588,4.582608695652174,1.0128101989291085
28.658552850950315,4.443478260869565,1.7800405679198588,4.573913043478261,1.0048652911251978
28.679559853284427,4.443478260869565,1.7800405679198588,4.573913043478261,1.0048652911251978
28.70056685561854,4.443478260869565,1.7800405679198588,4.565217391304348,0.9967812091065809
28.721573857952652,4.443478260869565,1.7800405679198588,4.565217391304348,0.9967812091065809
28.742580860286758,4.443478260869565,1.7800405679198588,4.565217391304348,0.9967812091065809
28.76358786262087,4.443478260869565,1.7800405679198588,4.565217391304348,0.9967812091065809
28.784594864954983,4.443478260869565,1.7800405679198588,4.547826086956522,0.9977668827752045
28.8056018672891,4.443478260869565,1.7800405679198588,4.547826086956522,0.9977668827752045
28.82660886962321,4.443478260869565,1.7800405679198588,4.547826086956522,0.9977668827752045
28.847615871957316,4.443478260869565,1.7800405679198588,4.547826086956522,0.9977668827752045
28.86862287429143,4.443478260869565,1.7800405679198588,4.547826086956522,0.9977668827752045
28.88962987662554,4.443478260869565,1.7800405679198588,4.547826086956522,0.9977668827752045
28.910636878959654,4.443478260869565,1.7800405679198588,4.547826086956522,0.9977668827752045
28.93164388129376,4.443478260869565,1.7800405679198588,4.547826086956522,0.9977668827752045
28.952650883627875,4.443478260869565,1.7800405679198588,4.539130434782609,1.0068198450458115
28.973657885961988,4.443478260869565,1.7800405679198588,4.539130434782609,1.0068198450458115
28.9946648882961,4.443478260869565,1.7800405679198588,4.539130434782609,1.0068198450458115
29.015671890630212,4.443478260869565,1.7800405679198588,4.539130434782609,1.0068198450458115
29.036678892964318,4.443478260869565,1.7800405679198588,4.539130434782609,1.0068198450458115
29.05768589529843,4.443478260869565,1.7800405679198588,4.539130434782609,1.0068198450458115
29.078692897632543,4.443478260869565,1.7800405679198588,4.530434782608696,1.0157176869877453
29.099699899966655,4.443478260869565,1.7800405679198588,4.530434782608696,1.0157176869877453
29.120706902300764,4.443478260869565,1.7800405679198588,4.521739130434782,1.015940995265037
29.141713904634877,4.443478260869565,1.7800405679198588,4.521739130434782,1.015940995265037
29.16272090696899,4.443478260869565,1.7800405679198588,4.521739130434782,1.015940995265037
29.1837279093031,4.443478260869565,1.7800405679198588,4.51304347826087,1.024612057158639
29.204734911637214,4.443478260869565,1.7800405679198588,4.51304347826087,1.024612057158639
29.22574191397132,4.443478260869565,1.7800405679198588,4.504347826086956,1.033137164541158
29.24674891630543,4.443478260869565,1.7800405679198588,4.504347826086956,1.033137164541158
29.267755918639544,4.443478260869565,1.7800405679198588,4.504347826086956,1.033137164541158
29.28876292097366,4.443478260869565,1.7800405679198588,4.504347826086956,1.033137164541158
29.309769923307773,4.443478260869565,1.7800405679198588,4.504347826086956,1.033137164541158
29.330776925641878,4.443478260869565,1.7800405679198588,4.504347826086956,1.033137164541158
29.35178392797599,4.443478260869565,1.7800405679198588,4.504347826086956,1.033137164541158
29.372790930310103,4.443478260869565,1.7800405679198588,4.504347826086956,1.033137164541158
29.393797932644215,4.443478260869565,1.7800405679198588,4.504347826086956,1.033137164541158
29.41480493497832,4.443478260869565,1.7800405679198588,4.504347826086956,1.033137164541158
29.435811937312437,4.443478260869565,1.7800405679198588,4.504347826086956,1.033137164541158
29.45681893964655,4.443478260869565,1.7800405679198588,4.495652173913044,1.033137164541158
29.47782594198066,4.434782608695652,1.7699444097515,4.495652173913044,1.033137164541158
29.498832944314774,4.434782608695652,1.7699444097515,4.495652173913044,1.033137164541158
29.51983994664888,4.434782608695652,1.7699444097515,4.495652173913044,1.033137164541158
29.540846948982992,4.434782608695652,1.7699444097515,4.495652173913044,1.033137164541158
29.561853951317104,4.434782608695652,1.7699444097515,4.495652173913044,1.033137164541158
29.582860953651217,4.434782608695652,1.7699444097515,4.48695652173913,1.0414472988925125
29.603867955985326,4.434782608695652,1.7699444097515,4.48695652173913,1.0414472988925125
29.624874958319438,4.434782608695652,1.7699444097515,4.478260869565218,1.0413020786033185
29.64588196065355,4.434782608695652,1.7699444097515,4.478260869565218,1.0413020786033185
29.666888962987663,4.434782608695652,1.7699444097515,4.469565217391304,1.0494034672379542
29.687895965321776,4.434782608695652,1.7699444097515,4.469565217391304,1.0494034672379542
29.70890296765588,4.434782608695652,1.7699444097515,4.460869565217391,1.0573712812749494
29.729909969989993,4.434782608695652,1.7699444097515,4.452173913043478,1.0570136625407127
29.750916972324106,4.434782608695652,1.7699444097515,4.452173913043478,1.0570136625407127
29.771923974658222,4.426086956521739,1.7646818635082884,4.452173913043478,1.0570136625407127
29.792930976992327,4.426086956521739,1.7646818635082884,4.452173913043478,1.0570136625407127
29.81393797932644,4.426086956521739,1.7646818635082884,4.452173913043478,1.0570136625407127
29.834944981660552,4.426086956521739,1.7646818635082884,4.452173913043478,1.0570136625407127
29.855951983994665,4.426086956521739,1.7646818635082884,4.452173913043478,1.0570136625407127
29.876958986328777,4.426086956521739,1.7646818635082884,4.452173913043478,1.0570136625407127
29.897965988662886,4.426086956521739,1.7646818635082884,4.452173913043478,1.0570136625407127
29.918972990997,4.426086956521739,1.7646818635082884,4.452173913043478,1.0570136625407127
29.93997999333111,4.426086956521739,1.7646818635082884,4.452173913043478,1.0570136625407127
29.960986995665223,4.426086956521739,1.7646818635082884,4.443478260869565,1.0647825199282723
29.981993997999336,4.426086956521739,1.7646818635082884,4.434782608695652,1.0642853064900342
30.00300100033344,4.426086956521739,1.7646818635082884,4.434782608695652,1.0642853064900342
30.024008002667554,4.426086956521739,1.7646818635082884,4.434782608695652,1.0642853064900342
30.045015005001666,4.426086956521739,1.7646818635082884,4.434782608695652,1.0642853064900342
30.06602200733578,4.426086956521739,1.7646818635082884,4.434782608695652,1.0642853064900342
30.087029009669887,4.426086956521739,1.7646818635082884,4.434782608695652,1.0642853064900342
30.108036012004,4.408695652173913,1.749015385986035,4.434782608695652,1.0642853064900342
30.129043014338112,4.408695652173913,1.749015385986035,4.434782608695652,1.0642853064900342
30.150050016672225,4.408695652173913,1.749015385986035,4.434782608695652,1.0642853064900342
30.171057019006337,4.408695652173913,1.749015385986035,4.434782608695652,1.0642853064900342
30.192064021340443,4.408695652173913,1.749015385986035,4.426086956521739,1.071860386473321
30.213071023674555,4.408695652173913,1.749015385986035,4.408695652173913,1.0786114437103083
30.234078026008667,4.408695652173913,1.749015385986035,4.408695652173913,1.0786114437103083
30.255085028342783,4.408695652173913,1.749015385986035,4.408695652173913,1.0786114437103083
30.27609203067689,4.408695652173913,1.749015385986035,4.408695652173913,1.0786114437103083
30.297099033011,4.408695652173913,1.749015385986035,4.408695652173913,1.0786114437103083
30.318106035345114,4.408695652173913,1.749015385986035,4.408695652173913,1.0786114437103083
30.339113037679226,4.408695652173913,1.749015385986035,4.4,1.0778400300762552
30.36012004001334,4.408695652173913,1.749015385986035,4.391304347826087,1.076997857766333
30.381127042347448,4.408695652173913,1.749015385986035,4.391304347826087,1.076997857766333
30.40213404468156,4.408695652173913,1.749015385986035,4.391304347826087,1.076997857766333
30.423141047015672,4.408695652173913,1.749015385986035,4.3826086956521735,1.0760847606477375
30.444148049349785,4.408695652173913,1.749015385986035,4.373913043478261,1.0669816800123804
30.46515505168389,4.408695652173913,1.749015385986035,4.356521739130435,1.0399941834939863
30.486162054018003,4.408695652173913,1.749015385986035,4.3478260869565215,1.0470951807645477
30.507169056352115,4.408695652173913,1.749015385986035,4.3478260869565215,1.0470951807645477
30.528176058686228,4.408695652173913,1.749015385986035,4.339130434782609,1.0290304133904014
30.54918306102034,4.408695652173913,1.749015385986035,4.321739130434783,1.042970891143735
30.57019006335445,4.408695652173913,1.749015385986035,4.321739130434783,1.042970891143735
30.59119706568856,4.408695652173913,1.749015385986035,4.321739130434783,1.042970891143735
30.612204068022674,4.408695652173913,1.749015385986035,4.3130434782608695,1.0414472988925128
30.633211070356786,4.408695652173913,1.749015385986035,4.2956521739130435,1.0381749290773878
30.6542180726909,4.408695652173913,1.749015385986035,4.28695652173913,1.036425440522286
30.675225075025004,4.408695652173913,1.749015385986035,4.28695652173913,1.036425440522286
30.696232077359117,4.4,1.7485397634448654,4.278260869565218,1.0345999107990156
30.71723907969323,4.4,1.7485397634448654,4.278260869565218,1.0345999107990156
30.738246082027345,4.4,1.7485397634448654,4.260869565217392,1.0137056988378494
30.75925308436145,4.4,1.7485397634448654,4.260869565217392,1.0137056988378494
30.780260086695563,4.4,1.7485397634448654,4.252173913043478,1.0201745652913017
30.801267089029675,4.4,1.7485397634448654,4.252173913043478,1.0201745652913017
30.822274091363788,4.4,1.7485397634448654,4.243478260869566,1.026529013104258
30.8432810936979,4.4,1.7485397634448654,4.243478260869566,1.026529013104258
30.86428809603201,4.4,1.7485397634448654,4.243478260869566,1.026529013104258
30.88529509836612,4.4,1.7485397634448654,4.243478260869566,1.026529013104258
30.906302100700234,4.4,1.7485397634448654,4.234782608695652,1.0243168224436328
30.927309103034347,4.4,1.7485397634448654,4.234782608695652,1.0243168224436328
30.948316105368452,4.4,1.7485397634448654,4.234782608695652,1.0243168224436328
30.969323107702564,4.4,1.7485397634448654,4.234782608695652,1.0243168224436328
30.990330110036677,4.4,1.7485397634448654,4.234782608695652,1.0243168224436328
31.01133711237079,4.4,1.7485397634448654,4.226086956521739,1.0304989890104728
31.0323441147049,4.4,1.7485397634448654,4.226086956521739,1.0304989890104728
31.05335111703901,4.4,1.7485397634448654,4.217391304347826,1.0365713440129114
31.074358119373123,4.4,1.7485397634448654,4.217391304347826,1.0365713440129114
31.095365121707236,4.4,1.7485397634448654,4.217391304347826,1.0365713440129114
31.116372124041348,4.4,1.7485397634448654,4.217391304347826,1.0365713440129114
31.137379126375453,4.4,1.7485397634448654,4.217391304347826,1.0365713440129114
31.158386128709566,4.4,1.7485397634448654,4.217391304347826,1.0365713440129114
31.17939313104368,4.4,1.7485397634448654,4.208695652173913,1.0341613041612874
31.20040013337779,4.4,1.7485397634448654,4.208695652173913,1.0341613041612874
31.221407135711907,4.4,1.7485397634448654,4.208695652173913,1.0341613041612874
31.242414138046012,4.4,1.7485397634448654,4.208695652173913,1.0341613041612874
31.263421140380125,4.4,1.7485397634448654,4.208695652173913,1.0341613041612874
31.284428142714237,4.4,1.7485397634448654,4.208695652173913,1.0341613041612874
31.30543514504835,4.4,1.7485397634448654,4.208695652173913,1.0341613041612874
31.326442147382462,4.4,1.7485397634448654,4.2,1.0316723443453144
31.34744914971657,4.4,1.7485397634448654,4.2,1.0316723443453144
31.368456152050683,4.4,1.7485397634448654,4.2,1.0316723443453144
31.389463154384796,4.4,1.7485397634448654,4.191304347826087,1.0375192165756282
31.410470156718908,4.4,1.7485397634448654,4.191304347826087,1.0375192165756282
31.431477159053014,4.4,1.7485397634448654,4.182608695652174,1.034892211952128
31.452484161387126,4.4,1.7485397634448654,4.182608695652174,1.034892211952128
31.47349116372124,4.4,1.7485397634448654,4.165217391304348,1.020915486708812
31.49449816605535,4.4,1.7485397634448654,4.165217391304348,1.020915486708812
31.515505168389463,4.4,1.7485397634448654,4.156521739130435,1.018022843750068
31.536512170723572,4.4,1.7485397634448654,4.139130434782609,1.0205450932391933
31.557519173057685,4.4,1.7485397634448654,4.139130434782609,1.0205450932391933
31.578526175391797,4.4,1.7485397634448654,4.139130434782609,1.0205450932391933
31.59953317772591,4.4,1.7485397634448654,4.139130434782609,1.0205450932391933
31.620540180060015,4.391304347826087,1.7380431383744943,4.130434782608695,1.0088455660711773
31.641547182394127,4.391304347826087,1.7380431383744943,4.130434782608695,1.0088455660711773
31.66255418472824,4.391304347826087,1.7380431383744943,4.130434782608695,1.0088455660711773
31.683561187062356,4.391304347826087,1.7380431383744943,4.121739130434783,1.0142277086485798
31.70456818939647,4.391304347826087,1.7380431383744943,4.113043478260869,1.019507275631794
31.725575191730574,4.391304347826087,1.7380431383744943,4.113043478260869,1.019507275631794
31.746582194064686,4.391304347826087,1.7380431383744943,4.113043478260869,1.019507275631794
31.7675891963988,4.3826086956521735,1.7223977659856076,4.095652173913043,1.0127355381941334
31.78859619873291,4.3826086956521735,1.7223977659856076,4.086956521739131,1.000566947036002
31.809603201067016,4.3826086956521735,1.7223977659856076,4.069565217391304,0.9932094584504256
31.830610203401132,4.3826086956521735,1.7223977659856076,4.069565217391304,0.9932094584504256
31.851617205735245,4.3826086956521735,1.7223977659856076,4.069565217391304,0.9932094584504256
31.872624208069357,4.3826086956521735,1.7223977659856076,4.069565217391304,0.9932094584504256
31.89363121040347,4.3826086956521735,1.7223977659856076,4.069565217391304,0.9932094584504256
31.914638212737575,4.3826086956521735,1.7223977659856076,4.060869565217391,0.998145728854382
31.935645215071688,4.3826086956521735,1.7223977659856076,4.060869565217391,0.998145728854382
31.9566522174058,4.3826086956521735,1.7223977659856076,4.052173913043478,1.0029823203684323
31.977659219739913,4.3826086956521735,1.7223977659856076,4.052173913043478,1.0029823203684323
31.998666222074025,4.3826086956521735,1.7223977659856076,4.043478260869565,1.0077206682308268
32.01967322440813,4.3826086956521735,1.7223977659856076,4.043478260869565,1.0077206682308268
32.040680226742246,4.3826086956521735,1.7223977659856076,4.034782608695652,1.0123621519269004
32.061687229076355,4.3826086956521735,1.7223977659856076,4.017391304347826,1.0041878284001426
32.08269423141047,4.3826086956521735,1.7223977659856076,4.017391304347826,1.0041878284001426
32.10370123374458,4.3826086956521735,1.7223977659856076,4.017391304347826,1.0041878284001426
32.12470823607869,4.3826086956521735,1.7223977659856076,4.017391304347826,1.0041878284001426
32.145715238412805,4.3826086956521735,1.7223977659856076,4.017391304347826,1.0041878284001426
32.166722240746914,4.3826086956521735,1.7223977659856076,4.008695652173913,0.991228067240554
32.18772924308103,4.3826086956521735,1.7223977659856076,4.008695652173913,0.991228067240554
32.20873624541513,4.3826086956521735,1.7223977659856076,4.008695652173913,0.991228067240554
32.22974324774925,4.3826086956521735,1.7223977659856076,4.0,0.9956426807977282
32.250750250083364,4.3826086956521735,1.7223977659856076,4.0,0.9956426807977282
32.27175725241747,4.3826086956521735,1.7223977659856076,4.0,0.9956426807977282
32.29276425475158,4.3826086956521735,1.7223977659856076,4.0,0.9956426807977282
32.31377125708569,4.3826086956521735,1.7223977659856076,4.0,0.9956426807977282
32.33477825941981,4.3826086956521735,1.7223977659856076,4.0,0.9956426807977282
32.355785261753915,4.3826086956521735,1.7223977659856076,4.0,0.9956426807977282
32.37679226408803,4.3826086956521735,1.7223977659856076,4.0,0.9956426807977282
32.39779926642214,4.3826086956521735,1.7223977659856076,4.0,0.9956426807977282
32.41880626875625,4.373913043478261,1.7167252423308614,3.991304347826087,0.9824162951303373
32.439813271090365,4.373913043478261,1.7167252423308614,3.982608695652174,0.9599149300682138
32.460820273424474,4.373913043478261,1.7167252423308614,3.982608695652174,0.9599149300682138
32.48182727575858,4.373913043478261,1.7167252423308614,3.973913043478261,0.9642376539568077
32.50283427809269,4.373913043478261,1.7167252423308614,3.973913043478261,0.9642376539568077
32.52384128042681,4.3652173913043475,1.7058999144024867,3.965217391304348,0.9594421819823787
32.54484828276092,4.3652173913043475,1.7058999144024867,3.965217391304348,0.9594421819823787
32.56585528509503,4.3652173913043475,1.7058999144024867,3.965217391304348,0.9594421819823787
32.58686228742914,4.3652173913043475,1.7058999144024867,3.9565217391304346,0.9545434087000065
32.60786928976325,4.3652173913043475,1.7058999144024867,3.9565217391304346,0.9545434087000065
32.62887629209737,4.3652173913043475,1.7058999144024867,3.9565217391304346,0.9545434087000065
32.649883294431476,4.3652173913043475,1.7058999144024867,3.9565217391304346,0.9545434087000065
32.67089029676559,4.3652173913043475,1.7058999144024867,3.9565217391304346,0.9545434087000065
32.69189729909969,4.3652173913043475,1.7058999144024867,3.9565217391304346,0.9545434087000065
32.71290430143381,4.3652173913043475,1.7058999144024867,3.9565217391304346,0.9545434087000065
32.733911303767925,4.3652173913043475,1.7058999144024867,3.9565217391304346,0.9545434087000065
32.754918306102034,4.3652173913043475,1.7058999144024867,3.9565217391304346,0.9545434087000065
32.77592530843614,4.3652173913043475,1.7058999144024867,3.9478260869565216,0.9586537504399146
32.79693231077025,4.3652173913043475,1.7058999144024867,3.9391304347826086,0.953592352261235
32.81793931310437,4.3652173913043475,1.7058999144024867,3.9391304347826086,0.953592352261235
32.83894631543848,4.3652173913043475,1.7058999144024867,3.9391304347826086,0.953592352261235
32.85995331777259,4.3652173913043475,1.7058999144024867,3.9304347826086956,0.9392109466293668
32.8809603201067,4.3652173913043475,1.7058999144024867,3.9217391304347826,0.9245240946088358
32.90196732244081,4.3652173913043475,1.7058999144024867,3.9217391304347826,0.9245240946088358
32.92297432477493,4.3652173913043475,1.7058999144024867,3.9217391304347826,0.9245240946088358
32.943981327109036,4.3652173913043475,1.7058999144024867,3.9130434782608696,0.9284415871331575
32.964988329443145,4.3652173913043475,1.7058999144024867,3.9043478260869566,0.9228868981858503
32.985995331777254,4.3652173913043475,1.7058999144024867,3.9043478260869566,0.9228868981858503
33.00700233411137,4.3652173913043475,1.7058999144024867,3.9043478260869566,0.9228868981858503
33.02800933644548,4.3652173913043475,1.7058999144024867,3.9043478260869566,0.9228868981858503
33.049016338779595,4.3652173913043475,1.7058999144024867,3.9043478260869566,0.9228868981858503
33.0700233411137,4.3652173913043475,1.7058999144024867,3.9043478260869566,0.9228868981858503
33.09103034344781,4.3652173913043475,1.7058999144024867,3.8956521739130436,0.9076861461356444
33.11203734578193,4.3652173913043475,1.7058999144024867,3.8956521739130436,0.9076861461356444
33.13304434811604,4.3652173913043475,1.7058999144024867,3.8956521739130436,0.9076861461356444
33.154051350450146,4.3652173913043475,1.7058999144024867,3.8956521739130436,0.9076861461356444
33.175058352784255,4.3652173913043475,1.7058999144024867,3.8956521739130436,0.9076861461356444
33.19606535511837,4.3652173913043475,1.7058999144024867,3.8869565217391306,0.9114271407480958
33.21707235745249,4.3652173913043475,1.7058999144024867,3.8869565217391306,0.9114271407480958
33.238079359786596,4.3652173913043475,1.7058999144024867,3.878260869565217,0.8958632085697064
33.259086362120705,4.3652173913043475,1.7058999144024867,3.878260869565217,0.8958632085697064
33.280093364454814,4.3652173913043475,1.7058999144024867,3.878260869565217,0.8958632085697064
33.30110036678893,4.3652173913043475,1.7058999144024867,3.878260869565217,0.8958632085697064
33.32210736912304,4.3652173913043475,1.7058999144024867,3.878260869565217,0.8958632085697064
33.343114371457155,4.3652173913043475,1.7058999144024867,3.878260869565217,0.8958632085697064
33.364121373791264,4.3652173913043475,1.7058999144024867,3.878260869565217,0.8958632085697064
33.38512837612537,4.3652173913043475,1.7058999144024867,3.878260869565217,0.8958632085697064
33.40613537845949,4.3652173913043475,1.7058999144024867,3.878260869565217,0.8958632085697064
33.4271423807936,4.3652173913043475,1.7058999144024867,3.878260869565217,0.8958632085697064
33.448149383127706,4.3652173913043475,1.7058999144024867,3.869565217391304,0.8994852550250956
33.469156385461815,4.3652173913043475,1.7058999144024867,3.869565217391304,0.8994852550250956
33.49016338779593,4.3652173913043475,1.7058999144024867,3.869565217391304,0.8994852550250956
33.51117039013004,4.3652173913043475,1.7058999144024867,3.869565217391304,0.8994852550250956
33.532177392464156,4.3652173913043475,1.7058999144024867,3.860869565217391,0.9030090424867596
33.553184394798265,4.3652173913043475,1.7058999144024867,3.860869565217391,0.9030090424867596
33.574191397132374,4.3652173913043475,1.7058999144024867,3.860869565217391,0.9030090424867596
33.59519839946649,4.3652173913043475,1.7058999144024867,3.8434782608695652,0.900157516146611
33.6162054018006,4.3652173913043475,1.7058999144024867,3.8347826086956522,0.9034276254798451
33.63721240413471,4.3652173913043475,1.7058999144024867,3.8347826086956522,0.9034276254798451
33.65821940646882,4.3652173913043475,1.7058999144024867,3.8347826086956522,0.9034276254798451
33.67922640880293,4.3652173913043475,1.7058999144024867,3.8260869565217392,0.8872122393519798
33.70023341113705,4.3652173913043475,1.7058999144024867,3.8260869565217392,0.8872122393519798
33.72124041347116,4.356521739130435,1.6949608401161986,3.8260869565217392,0.8872122393519798
33.74224741580527,4.356521739130435,1.6949608401161986,3.8260869565217392,0.8872122393519798
33.763254418139375,4.356521739130435,1.6949608401161986,3.8260869565217392,0.8872122393519798
33.78426142047349,4.356521739130435,1.6949608401161986,3.8260869565217392,0.8872122393519798
33.8052684228076,4.356521739130435,1.6949608401161986,3.8260869565217392,0.8872122393519798
33.82627542514171,4.356521739130435,1.6949608401161986,3.8260869565217392,0.8872122393519798
33.847282427475825,4.356521739130435,1.6949608401161986,3.8260869565217392,0.8872122393519798
33.868289429809934,4.356521739130435,1.6949608401161986,3.8260869565217392,0.8872122393519798
33.88929643214405,4.356521739130435,1.6949608401161986,3.8173913043478263,0.8903600512118404
33.91030343447816,4.3478260869565215,1.6993271213649324,3.8173913043478263,0.8903600512118404
33.93131043681227,4.3478260869565215,1.6993271213649324,3.8173913043478263,0.8903600512118404
33.95231743914638,4.3478260869565215,1.6993271213649324,3.8173913043478263,0.8903600512118404
33.97332444148049,4.3478260869565215,1.6993271213649324,3.8086956521739133,0.8836254584667994
33.9943314438146,4.3478260869565215,1.6993271213649324,3.8086956521739133,0.8836254584667994
34.01533844614872,4.3478260869565215,1.6993271213649324,3.8086956521739133,0.8836254584667994
34.03634544848283,4.3478260869565215,1.6993271213649324,3.8086956521739133,0.8836254584667994
34.057352450816936,4.3304347826086955,1.6976799469477253,3.8086956521739133,0.8836254584667994
34.07835945315105,4.3304347826086955,1.6976799469477253,3.8086956521739133,0.8836254584667994
34.09936645548516,4.3304347826086955,1.6976799469477253,3.8086956521739133,0.8836254584667994
34.12037345781927,4.3304347826086955,1.6976799469477253,3.8086956521739133,0.8836254584667994
34.14138046015338,4.3304347826086955,1.6976799469477253,3.8086956521739133,0.8836254584667994
34.162387462487494,4.3304347826086955,1.6976799469477253,3.8086956521739133,0.8836254584667994
34.18339446482161,4.3304347826086955,1.6976799469477253,3.8086956521739133,0.8836254584667994
34.20440146715572,4.3304347826086955,1.6976799469477253,3.8086956521739133,0.8836254584667994
34.22540846948983,4.3304347826086955,1.6976799469477253,3.8,0.886615450193453
34.24641547182394,4.3304347826086955,1.6976799469477253,3.8,0.886615450193453
34.26742247415805,4.3304347826086955,1.6976799469477253,3.8,0.886615450193453
34.28842947649216,4.3304347826086955,1.6976799469477253,3.8,0.886615450193453
34.30943647882627,4.3304347826086955,1.6976799469477253,3.8,0.886615450193453
34.33044348116039,4.3304347826086955,1.6976799469477253,3.8,0.886615450193453
34.351450483494496,4.3304347826086955,1.6976799469477253,3.8,0.886615450193453
34.37245748582861,4.3304347826086955,1.6976799469477253,3.8,0.886615450193453
34.39346448816272,4.3304347826086955,1.6976799469477253,3.8,0.886615450193453
34.41447149049683,4.3304347826086955,1.6976799469477253,3.8,0.886615450193453
34.43547849283094,4.3304347826086955,1.6976799469477253,3.791304347826087,0.8895103897422207
34.456485495165055,4.3304347826086955,1.6976799469477253,3.782608695652174,0.8923112022514991
34.47749249749916,4.3304347826086955,1.6976799469477253,3.782608695652174,0.8923112022514991
34.49849949983327,4.3304347826086955,1.6976799469477253,3.782608695652174,0.8923112022514991
34.51950650216739,4.3304347826086955,1.6976799469477253,3.782608695652174,0.8923112022514991
34.5405135045015,4.3304347826086955,1.6976799469477253,3.782608695652174,0.8923112022514991
34.56152050683561,4.3304347826086955,1.6976799469477253,3.782608695652174,0.8923112022514991
34.58252750916972,4.3304347826086955,1.6976799469477253,3.782608695652174,0.8923112022514991
34.60353451150383,4.3304347826086955,1.6976799469477253,3.782608695652174,0.8923112022514991
34.62454151383794,4.3304347826086955,1.6976799469477253,3.782608695652174,0.8923112022514991
34.645548516172056,4.3304347826086955,1.6976799469477253,3.782608695652174,0.8923112022514991
34.66655551850617,4.3304347826086955,1.6976799469477253,3.782608695652174,0.8923112022514991
34.68756252084028,4.3304347826086955,1.6976799469477253,3.782608695652174,0.8923112022514991
34.70856952317439,4.3304347826086955,1.6976799469477253,3.782608695652174,0.8923112022514991
34.7295765255085,4.3304347826086955,1.6976799469477253,3.782608695652174,0.8923112022514991
34.750583527842615,4.3304347826086955,1.6976799469477253,3.782608695652174,0.8923112022514991
34.771590530176724,4.3304347826086955,1.6976799469477253,3.782608695652174,0.8923112022514991
34.79259753251083,4.3304347826086955,1.6976799469477253,3.782608695652174,0.8923112022514991
34.81360453484495,4.3304347826086955,1.6976799469477253,3.782608695652174,0.8923112022514991
34.83461153717906,4.3304347826086955,1.6976799469477253,3.765217391304348,0.8976339409087958
34.85561853951317,4.3304347826086955,1.6976799469477253,3.765217391304348,0.8976339409087958
34.87662554184728,4.3304347826086955,1.6976799469477253,3.765217391304348,0.8976339409087958
34.89763254418139,4.3304347826086955,1.6976799469477253,3.765217391304348,0.8976339409087958
34.9186395465155,4.3304347826086955,1.6976799469477253,3.765217391304348,0.8976339409087958
34.939646548849616,4.3304347826086955,1.6976799469477253,3.765217391304348,0.8976339409087958
34.960653551183725,4.3304347826086955,1.6976799469477253,3.765217391304348,0.8976339409087958
34.981660553517834,4.3304347826086955,1.6976799469477253,3.747826086956522,0.8929041845560649
35.00266755585195,4.3304347826086955,1.6976799469477253,3.747826086956522,0.8929041845560649
35.02367455818606,4.3304347826086955,1.6976799469477253,3.747826086956522,0.8929041845560649
35.044681560520175,4.3304347826086955,1.6976799469477253,3.739130434782609,0.8952721861727826
35.065688562854284,4.3304347826086955,1.6976799469477253,3.739130434782609,0.8952721861727826
35.08669556518839,4.3304347826086955,1.6976799469477253,3.739130434782609,0.8952721861727826
35.1077025675225,4.3304347826086955,1.6976799469477253,3.739130434782609,0.8952721861727826
35.12870956985662,4.3304347826086955,1.6976799469477253,3.7304347826086954,0.8975496995364636
35.149716572190734,4.3304347826086955,1.6976799469477253,3.7304347826086954,0.8975496995364636
35.170723574524835,4.3304347826086955,1.6976799469477253,3.7304347826086954,0.8975496995364636
35.19173057685895,4.3304347826086955,1.6976799469477253,3.7304347826086954,0.8975496995364636
35.21273757919306,4.3304347826086955,1.6976799469477253,3.7304347826086954,0.8975496995364636
35.233744581527176,4.3304347826086955,1.6976799469477253,3.7217391304347824,0.8997374118085452
35.254751583861285,4.3304347826086955,1.6976799469477253,3.7217391304347824,0.8997374118085452
35.275758586195394,4.3304347826086955,1.6976799469477253,3.7130434782608694,0.8921417063429987
35.29676558852951,4.3304347826086955,1.6976799469477253,3.7130434782608694,0.8921417063429987
35.31777259086362,4.3304347826086955,1.6976799469477253,3.7130434782608694,0.8921417063429987
35.338779593197735,4.3304347826086955,1.6976799469477253,3.7130434782608694,0.8921417063429987
35.359786595531844,4.3304347826086955,1.6976799469477253,3.7130434782608694,0.8921417063429987
35.38079359786595,4.3304347826086955,1.6976799469477253,3.7130434782608694,0.8921417063429987
35.40180060020006,4.3304347826086955,1.6976799469477253,3.7130434782608694,0.8921417063429987
35.42280760253418,4.3304347826086955,1.6976799469477253,3.7130434782608694,0.8921417063429987
35.44381460486829,4.3304347826086955,1.6976799469477253,3.7130434782608694,0.8921417063429987
35.464821607202396,4.3304347826086955,1.6976799469477253,3.7130434782608694,0.8921417063429987
35.48582860953651,4.3304347826086955,1.6976799469477253,3.7130434782608694,0.8921417063429987
35.50683561187062,4.3304347826086955,1.6976799469477253,3.7130434782608694,0.8921417063429987
35.52784261420474,4.3304347826086955,1.6976799469477253,3.7130434782608694,0.8921417063429987
35.548849616538845,4.3304347826086955,1.6976799469477253,3.7130434782608694,0.8921417063429987
35.569856618872954,4.3304347826086955,1.6976799469477253,3.7130434782608694,0.8921417063429987
35.59086362120706,4.3304347826086955,1.6976799469477253,3.7130434782608694,0.8921417063429987
35.61187062354118,4.3304347826086955,1.6976799469477253,3.7130434782608694,0.8921417063429987
35.632877625875295,4.3304347826086955,1.6976799469477253,3.7130434782608694,0.8921417063429987
35.6538846282094,4.3304347826086955,1.6976799469477253,3.7130434782608694,0.8921417063429987
35.67489163054351,4.3304347826086955,1.6976799469477253,3.7130434782608694,0.8921417063429987
35.69589863287762,4.3304347826086955,1.6976799469477253,3.7130434782608694,0.8921417063429987
35.71690563521174,4.3304347826086955,1.6976799469477253,3.7130434782608694,0.8921417063429987
35.73791263754585,4.3304347826086955,1.6976799469477253,3.7130434782608694,0.8921417063429987
35.758919639879956,4.3304347826086955,1.6976799469477253,3.7130434782608694,0.8921417063429987
35.77992664221407,4.3304347826086955,1.6976799469477253,3.7130434782608694,0.8921417063429987
35.80093364454818,4.3304347826086955,1.6976799469477253,3.7130434782608694,0.8921417063429987
35.8219406468823,4.3304347826086955,1.6976799469477253,3.7130434782608694,0.8921417063429987
35.8429476492164,4.3304347826086955,1.6976799469477253,3.7130434782608694,0.8921417063429987
35.863954651550515,4.3304347826086955,1.6976799469477253,3.7130434782608694,0.8921417063429987
35.88496165388462,4.3304347826086955,1.6976799469477253,3.7130434782608694,0.8921417063429987
35.90596865621874,4.3304347826086955,1.6976799469477253,3.7130434782608694,0.8921417063429987
35.92697565855285,4.3304347826086955,1.6976799469477253,3.7130434782608694,0.8921417063429987
35.94798266088696,4.3304347826086955,1.6976799469477253,3.7130434782608694,0.8921417063429987
35.96898966322107,4.3304347826086955,1.6976799469477253,3.7130434782608694,0.8921417063429987
35.98999666555518,4.3304347826086955,1.6976799469477253,3.7130434782608694,0.8921417063429987
36.0110036678893,4.3304347826086955,1.6976799469477253,3.7130434782608694,0.8921417063429987
36.03201067022341,4.3304347826086955,1.6976799469477253,3.7130434782608694,0.8921417063429987
36.053017672557516,4.3304347826086955,1.6976799469477253,3.7130434782608694,0.8921417063429987
36.074024674891625,4.3304347826086955,1.6976799469477253,3.7130434782608694,0.8921417063429987
36.09503167722574,4.3304347826086955,1.6976799469477253,3.6956521739130435,0.8764941334507237
36.11603867955986,4.3304347826086955,1.6976799469477253,3.6956521739130435,0.8764941334507237
36.13704568189396,4.3304347826086955,1.6976799469477253,3.6956521739130435,0.8764941334507237
36.158052684228075,4.3304347826086955,1.6976799469477253,3.6956521739130435,0.8764941334507237
36.179059686562184,4.3304347826086955,1.6976799469477253,3.6956521739130435,0.8764941334507237
36.2000666888963,4.3304347826086955,1.6976799469477253,3.6956521739130435,0.8764941334507237
36.22107369123041,4.3304347826086955,1.6976799469477253,3.6956521739130435,0.8764941334507237
36.24208069356452,4.3304347826086955,1.6976799469477253,3.6956521739130435,0.8764941334507237
36.26308769589863,4.3304347826086955,1.6976799469477253,3.6956521739130435,0.8764941334507237
36.28409469823274,4.3304347826086955,1.6976799469477253,3.6956521739130435,0.8764941334507237
36.30510170056686,4.3304347826086955,1.6976799469477253,3.6956521739130435,0.8764941334507237
36.32610870290096,4.3304347826086955,1.6976799469477253,3.6956521739130435,0.8764941334507237
36.347115705235076,4.3304347826086955,1.6976799469477253,3.6956521739130435,0.8764941334507237
36.368122707569185,4.3304347826086955,1.6976799469477253,3.6956521739130435,0.8764941334507237
36.3891297099033,4.3304347826086955,1.6976799469477253,3.6956521739130435,0.8764941334507237
36.41013671223741,4.3304347826086955,1.6976799469477253,3.6956521739130435,0.8764941334507237
36.43114371457152,4.3304347826086955,1.6976799469477253,3.6956521739130435,0.8764941334507237
36.452150716905635,4.3304347826086955,1.6976799469477253,3.6956521739130435,0.8764941334507237
36.473157719239744,4.3304347826086955,1.6976799469477253,3.6956521739130435,0.8764941334507237
36.49416472157386,4.3304347826086955,1.6976799469477253,3.6956521739130435,0.8764941334507237
36.51517172390796,4.3304347826086955,1.6976799469477253,3.6956521739130435,0.8764941334507237
36.53617872624208,4.3304347826086955,1.6976799469477253,3.6956521739130435,0.8764941334507237
36.55718572857619,4.3304347826086955,1.6976799469477253,3.6956521739130435,0.8764941334507237
36.5781927309103,4.3304347826086955,1.6976799469477253,3.6956521739130435,0.8764941334507237
36.59919973324442,4.3304347826086955,1.6976799469477253,3.6956521739130435,0.8764941334507237
36.62020673557852,4.3304347826086955,1.6976799469477253,3.6956521739130435,0.8764941334507237
36.641213737912636,4.3304347826086955,1.6976799469477253,3.6956521739130435,0.8764941334507237
36.662220740246745,4.3304347826086955,1.6976799469477253,3.6956521739130435,0.8764941334507237
36.68322774258086,4.3304347826086955,1.6976799469477253,3.6956521739130435,0.8764941334507237
36.70423474491497,4.3304347826086955,1.6976799469477253,3.6956521739130435,0.8764941334507237
36.72524174724908,4.3304347826086955,1.6976799469477253,3.6956521739130435,0.8764941334507237
36.746248749583195,4.3304347826086955,1.6976799469477253,3.6956521739130435,0.8764941334507237
36.767255751917304,4.3304347826086955,1.6976799469477253,3.6956521739130435,0.8764941334507237
36.78826275425142,4.3304347826086955,1.6976799469477253,3.6956521739130435,0.8764941334507237
36.80926975658552,4.3304347826086955,1.6976799469477253,3.6956521739130435,0.8764941334507237
36.83027675891964,4.3304347826086955,1.6976799469477253,3.6956521739130435,0.8764941334507237
36.85128376125375,4.3304347826086955,1.6976799469477253,3.6956521739130435,0.8764941334507237
36.87229076358786,4.3304347826086955,1.6976799469477253,3.6956521739130435,0.8764941334507237
36.89329776592197,4.3304347826086955,1.6976799469477253,3.6956521739130435,0.8764941334507237
36.91430476825608,4.3304347826086955,1.6976799469477253,3.6956521739130435,0.8764941334507237
36.9353117705902,4.3304347826086955,1.6976799469477253,3.6956521739130435,0.8764941334507237
36.956318772924305,4.3304347826086955,1.6976799469477253,3.6956521739130435,0.8764941334507237
36.97732577525842,4.3304347826086955,1.6976799469477253,3.6956521739130435,0.8764941334507237
36.99833277759252,4.3304347826086955,1.6976799469477253,3.6956521739130435,0.8764941334507237
37.01933977992664,4.3304347826086955,1.6976799469477253,3.6956521739130435,0.8764941334507237
37.04034678226075,4.3304347826086955,1.6976799469477253,3.6956521739130435,0.8764941334507237
37.061353784594864,4.3304347826086955,1.6976799469477253,3.6956521739130435,0.8764941334507237
37.08236078692898,4.3304347826086955,1.6976799469477253,3.6956521739130435,0.8764941334507237
37.10336778926308,4.3304347826086955,1.6976799469477253,3.6956521739130435,0.8764941334507237
37.1243747915972,4.3304347826086955,1.6976799469477253,3.6956521739130435,0.8764941334507237
37.14538179393131,4.3304347826086955,1.6976799469477253,3.6956521739130435,0.8764941334507237
37.16638879626542,4.3304347826086955,1.6976799469477253,3.6956521739130435,0.8764941334507237
37.18739579859953,4.3304347826086955,1.6976799469477253,3.6956521739130435,0.8764941334507237
37.20840280093364,4.3304347826086955,1.6976799469477253,3.6956521739130435,0.8764941334507237
37.22940980326776,4.3304347826086955,1.6976799469477253,3.6956521739130435,0.8764941334507237
37.250416805601866,4.3304347826086955,1.6976799469477253,3.6956521739130435,0.8764941334507237
37.27142380793598,4.3304347826086955,1.6976799469477253,3.6956521739130435,0.8764941334507237
37.29243081027008,4.3304347826086955,1.6976799469477253,3.6956521739130435,0.8764941334507237
37.3134378126042,4.3304347826086955,1.6976799469477253,3.6956521739130435,0.8764941334507237
37.33444481493831,4.3304347826086955,1.6976799469477253,3.6956521739130435,0.8764941334507237
37.355451817272424,4.3304347826086955,1.6976799469477253,3.6956521739130435,0.8764941334507237
37.37645881960653,4.3304347826086955,1.6976799469477253,3.6956521739130435,0.8764941334507237
37.39746582194064,4.3304347826086955,1.6976799469477253,3.6956521739130435,0.8764941334507237
37.41847282427476,4.3304347826086955,1.6976799469477253,3.6956521739130435,0.8764941334507237
37.43947982660887,4.3304347826086955,1.6976799469477253,3.6956521739130435,0.8764941334507237
37.46048682894298,4.3304347826086955,1.6976799469477253,3.6956521739130435,0.8764941334507237
37.481493831277085,4.3304347826086955,1.6976799469477253,3.6956521739130435,0.8764941334507237
37.5025008336112,4.3304347826086955,1.6976799469477253,3.6956521739130435,0.8764941334507237
37.52350783594531,4.3304347826086955,1.6976799469477253,3.6956521739130435,0.8764941334507237
37.544514838279426,4.3304347826086955,1.6976799469477253,3.6956521739130435,0.8764941334507237
37.56552184061354,4.3304347826086955,1.6976799469477253,3.6956521739130435,0.8764941334507237
37.586528842947644,4.3304347826086955,1.6976799469477253,3.6956521739130435,0.8764941334507237
37.60753584528176,4.3304347826086955,1.6976799469477253,3.6956521739130435,0.8764941334507237
37.62854284761587,4.321739130434783,1.6916563845094008,3.6956521739130435,0.8764941334507237
37.649549849949985,4.321739130434783,1.6916563845094008,3.6956521739130435,0.8764941334507237
37.67055685228409,4.321739130434783,1.6916563845094008,3.6956521739130435,0.8764941334507237
37.6915638546182,4.321739130434783,1.6916563845094008,3.6956521739130435,0.8764941334507237
37.71257085695232,4.321739130434783,1.6916563845094008,3.6956521739130435,0.8764941334507237
37.73357785928643,4.321739130434783,1.6916563845094008,3.6956521739130435,0.8764941334507237
37.75458486162054,4.321739130434783,1.6916563845094008,3.6956521739130435,0.8764941334507237
37.775591863954645,4.321739130434783,1.6916563845094008,3.6956521739130435,0.8764941334507237
37.79659886628876,4.321739130434783,1.6916563845094008,3.6956521739130435,0.8764941334507237
37.81760586862287,4.321739130434783,1.6916563845094008,3.6956521739130435,0.8764941334507237
37.838612870956986,4.321739130434783,1.6916563845094008,3.6956521739130435,0.8764941334507237
37.859619873291095,4.321739130434783,1.6916563845094008,3.6956521739130435,0.8764941334507237
37.880626875625204,4.321739130434783,1.6916563845094008,3.6956521739130435,0.8764941334507237
37.90163387795932,4.321739130434783,1.6916563845094008,3.6956521739130435,0.8764941334507237
37.92264088029343,4.321739130434783,1.6916563845094008,3.6956521739130435,0.8764941334507237
37.943647882627545,4.321739130434783,1.6916563845094008,3.6956521739130435,0.8764941334507237
37.96465488496165,4.321739130434783,1.6916563845094008,3.6956521739130435,0.8764941334507237
37.98566188729576,4.321739130434783,1.6916563845094008,3.6956521739130435,0.8764941334507237
38.00666888962988,4.321739130434783,1.6916563845094008,3.6956521739130435,0.8764941334507237
38.02767589196399,4.321739130434783,1.6916563845094008,3.6956521739130435,0.8764941334507237
38.0486828942981,4.321739130434783,1.6916563845094008,3.6956521739130435,0.8764941334507237
38.069689896632205,4.321739130434783,1.6916563845094008,3.6956521739130435,0.8764941334507237
38.09069689896632,4.321739130434783,1.6916563845094008,3.6956521739130435,0.8764941334507237
38.11170390130043,4.321739130434783,1.6916563845094008,3.6956521739130435,0.8764941334507237
38.132710903634546,4.321739130434783,1.6916563845094008,3.6956521739130435,0.8764941334507237
38.153717905968655,4.321739130434783,1.6916563845094008,3.6956521739130435,0.8764941334507237
38.174724908302764,4.321739130434783,1.6916563845094008,3.6956521739130435,0.8764941334507237
38.19573191063688,4.321739130434783,1.6916563845094008,3.6956521739130435,0.8764941334507237
38.21673891297099,4.321739130434783,1.6916563845094008,3.6956521739130435,0.8764941334507237
38.237745915305105,4.321739130434783,1.6916563845094008,3.6956521739130435,0.8764941334507237
38.25875291763921,4.321739130434783,1.6916563845094008,3.6956521739130435,0.8764941334507237
38.27975991997332,4.321739130434783,1.6916563845094008,3.6956521739130435,0.8764941334507237
38.30076692230743,4.321739130434783,1.6916563845094008,3.6956521739130435,0.8764941334507237
38.32177392464155,4.321739130434783,1.6916563845094008,3.6956521739130435,0.8764941334507237
38.34278092697566,4.321739130434783,1.6916563845094008,3.6956521739130435,0.8764941334507237
38.363787929309765,4.321739130434783,1.6916563845094008,3.6956521739130435,0.8764941334507237
38.38479493164388,4.321739130434783,1.6916563845094008,3.6956521739130435,0.8764941334507237
38.40580193397799,4.321739130434783,1.6916563845094008,3.6956521739130435,0.8764941334507237
38.426808936312106,4.321739130434783,1.6916563845094008,3.6956521739130435,0.8764941334507237
38.44781593864621,4.321739130434783,1.6916563845094008,3.6956521739130435,0.8764941334507237
38.468822940980324,4.321739130434783,1.6916563845094008,3.6956521739130435,0.8764941334507237
38.48982994331444,4.321739130434783,1.6916563845094008,3.6956521739130435,0.8764941334507237
38.51083694564855,4.321739130434783,1.6916563845094008,3.6956521739130435,0.8764941334507237
38.53184394798266,4.321739130434783,1.6916563845094008,3.6956521739130435,0.8764941334507237
38.55285095031677,4.321739130434783,1.6916563845094008,3.6956521739130435,0.8764941334507237
38.57385795265088,4.321739130434783,1.6916563845094008,3.6956521739130435,0.8764941334507237
38.59486495498499,4.321739130434783,1.6916563845094008,3.6956521739130435,0.8764941334507237
38.61587195731911,4.321739130434783,1.6916563845094008,3.6956521739130435,0.8764941334507237
38.63687895965322,4.321739130434783,1.6916563845094008,3.6956521739130435,0.8764941334507237
38.657885961987326,4.321739130434783,1.6916563845094008,3.6956521739130435,0.8764941334507237
38.67889296432144,4.321739130434783,1.6916563845094008,3.6956521739130435,0.8764941334507237
38.69989996665555,4.321739130434783,1.6916563845094008,3.6956521739130435,0.8764941334507237
38.72090696898967,4.321739130434783,1.6916563845094008,3.6956521739130435,0.8764941334507237
38.74191397132377,4.321739130434783,1.6916563845094008,3.6956521739130435,0.8764941334507237
38.762920973657884,4.321739130434783,1.6916563845094008,3.6956521739130435,0.8764941334507237
38.78392797599199,4.321739130434783,1.6916563845094008,3.6956521739130435,0.8764941334507237
38.80493497832611,4.321739130434783,1.6916563845094008,3.6956521739130435,0.8764941334507237
38.82594198066022,4.321739130434783,1.6916563845094008,3.6956521739130435,0.8764941334507237
38.84694898299433,4.321739130434783,1.6916563845094008,3.6956521739130435,0.8764941334507237
38.86795598532844,4.321739130434783,1.6916563845094008,3.6956521739130435,0.8764941334507237
38.88896298766255,4.321739130434783,1.6916563845094008,3.6956521739130435,0.8764941334507237
38.90996998999667,4.321739130434783,1.6916563845094008,3.6956521739130435,0.8764941334507237
38.93097699233077,4.321739130434783,1.6916563845094008,3.6956521739130435,0.8764941334507237
38.951983994664886,4.321739130434783,1.6916563845094008,3.6956521739130435,0.8764941334507237
38.972990996999,4.321739130434783,1.6916563845094008,3.6956521739130435,0.8764941334507237
38.99399799933311,4.321739130434783,1.6916563845094008,3.6956521739130435,0.8764941334507237
39.01500500166722,4.321739130434783,1.6916563845094008,3.6956521739130435,0.8764941334507237
39.03601200400133,4.321739130434783,1.6916563845094008,3.6956521739130435,0.8764941334507237
39.057019006335445,4.321739130434783,1.6916563845094008,3.6956521739130435,0.8764941334507237
39.07802600866955,4.321739130434783,1.6916563845094008,3.6956521739130435,0.8764941334507237
39.09903301100367,4.321739130434783,1.6916563845094008,3.6956521739130435,0.8764941334507237
39.12004001333778,4.321739130434783,1.6916563845094008,3.6956521739130435,0.8764941334507237
39.14104701567189,4.321739130434783,1.6916563845094008,3.6956521739130435,0.8764941334507237
39.162054018006,4.321739130434783,1.6916563845094008,3.6956521739130435,0.8764941334507237
39.18306102034011,4.321739130434783,1.6916563845094008,3.6956521739130435,0.8764941334507237
39.20406802267422,4.321739130434783,1.6916563845094008,3.6956521739130435,0.8764941334507237
39.22507502500833,4.321739130434783,1.6916563845094008,3.6956521739130435,0.8764941334507237
39.246082027342446,4.321739130434783,1.6916563845094008,3.6956521739130435,0.8764941334507237
39.267089029676555,4.321739130434783,1.6916563845094008,3.6956521739130435,0.8764941334507237
39.28809603201067,4.321739130434783,1.6916563845094008,3.6956521739130435,0.8764941334507237
39.30910303434478,4.321739130434783,1.6916563845094008,3.6956521739130435,0.8764941334507237
39.33011003667889,4.321739130434783,1.6916563845094008,3.6956521739130435,0.8764941334507237
39.351117039013005,4.321739130434783,1.6916563845094008,3.6956521739130435,0.8764941334507237
39.372124041347114,4.321739130434783,1.6916563845094008,3.6956521739130435,0.8764941334507237
39.39313104368123,4.321739130434783,1.6916563845094008,3.6782608695652175,0.8602105514446071
39.41413804601533,4.321739130434783,1.6916563845094008,3.6782608695652175,0.8602105514446071
39.43514504834945,4.321739130434783,1.6916563845094008,3.6782608695652175,0.8602105514446071
39.45615205068356,4.321739130434783,1.6916563845094008,3.6782608695652175,0.8602105514446071
39.47715905301767,4.321739130434783,1.6916563845094008,3.6782608695652175,0.8602105514446071
39.49816605535178,4.321739130434783,1.6916563845094008,3.6782608695652175,0.8602105514446071
39.51917305768589,4.321739130434783,1.6916563845094008,3.6782608695652175,0.8602105514446071
39.540180060020006,4.321739130434783,1.6916563845094008,3.6782608695652175,0.8602105514446071
39.561187062354115,4.321739130434783,1.6916563845094008,3.6782608695652175,0.8602105514446071
39.58219406468823,4.321739130434783,1.6916563845094008,3.6782608695652175,0.8602105514446071
39.60320106702234,4.321739130434783,1.6916563845094008,3.6782608695652175,0.8602105514446071
39.62420806935645,4.321739130434783,1.6916563845094008,3.6782608695652175,0.8602105514446071
39.645215071690565,4.321739130434783,1.6916563845094008,3.6782608695652175,0.8602105514446071
39.666222074024674,4.321739130434783,1.6916563845094008,3.6782608695652175,0.8602105514446071
39.68722907635878,4.321739130434783,1.6916563845094008,3.6782608695652175,0.8602105514446071
39.70823607869289,4.321739130434783,1.6916563845094008,3.6782608695652175,0.8602105514446071
39.72924308102701,4.321739130434783,1.6916563845094008,3.6782608695652175,0.8602105514446071
39.75025008336112,4.321739130434783,1.6916563845094008,3.6782608695652175,0.8602105514446071
39.77125708569523,4.321739130434783,1.6916563845094008,3.6782608695652175,0.8602105514446071
39.79226408802934,4.321739130434783,1.6916563845094008,3.6782608695652175,0.8602105514446071
39.81327109036345,4.321739130434783,1.6916563845094008,3.6782608695652175,0.8602105514446071
39.834278092697566,4.321739130434783,1.6916563845094008,3.6782608695652175,0.8602105514446071
39.855285095031675,4.321739130434783,1.6916563845094008,3.6782608695652175,0.8602105514446071
39.876292097365784,4.321739130434783,1.6916563845094008,3.6782608695652175,0.8602105514446071
39.89729909969989,4.321739130434783,1.6916563845094008,3.6782608695652175,0.8602105514446071
39.91830610203401,4.321739130434783,1.6916563845094008,3.6782608695652175,0.8602105514446071
39.939313104368125,4.321739130434783,1.6916563845094008,3.6782608695652175,0.8602105514446071
39.960320106702234,4.321739130434783,1.6916563845094008,3.6782608695652175,0.8602105514446071
39.98132710903634,4.321739130434783,1.6916563845094008,3.6782608695652175,0.8602105514446071
40.00233411137045,4.321739130434783,1.6916563845094008,3.6782608695652175,0.8602105514446071
40.02334111370457,4.321739130434783,1.6916563845094008,3.6782608695652175,0.8602105514446071
40.04434811603868,4.321739130434783,1.6916563845094008,3.6782608695652175,0.8602105514446071
40.06535511837279,4.321739130434783,1.6916563845094008,3.6782608695652175,0.8602105514446071
40.0863621207069,4.321739130434783,1.6916563845094008,3.6782608695652175,0.8602105514446071
40.10736912304101,4.321739130434783,1.6916563845094008,3.6782608695652175,0.8602105514446071
40.12837612537513,4.321739130434783,1.6916563845094008,3.6782608695652175,0.8602105514446071
40.149383127709235,4.321739130434783,1.6916563845094008,3.6782608695652175,0.8602105514446071
40.17039013004335,4.321739130434783,1.6916563845094008,3.6782608695652175,0.8602105514446071
40.19139713237745,4.321739130434783,1.6916563845094008,3.6782608695652175,0.8602105514446071
40.21240413471157,4.321739130434783,1.6916563845094008,3.6782608695652175,0.8602105514446071
40.23341113704568,4.321739130434783,1.6916563845094008,3.6782608695652175,0.8602105514446071
40.254418139379794,4.321739130434783,1.6916563845094008,3.6782608695652175,0.8602105514446071
40.27542514171391,4.321739130434783,1.6916563845094008,3.6782608695652175,0.8602105514446071
40.29643214404801,4.321739130434783,1.6916563845094008,3.6782608695652175,0.8602105514446071
40.31743914638213,4.321739130434783,1.6916563845094008,3.6782608695652175,0.8602105514446071
40.33844614871624,4.321739130434783,1.6916563845094008,3.6782608695652175,0.8602105514446071
40.35945315105035,4.321739130434783,1.6916563845094008,3.6782608695652175,0.8602105514446071
40.380460153384455,4.321739130434783,1.6916563845094008,3.6782608695652175,0.8602105514446071
40.40146715571857,4.321739130434783,1.6916563845094008,3.6782608695652175,0.8602105514446071
40.42247415805269,4.321739130434783,1.6916563845094008,3.6782608695652175,0.8602105514446071
40.443481160386796,4.321739130434783,1.6916563845094008,3.6782608695652175,0.8602105514446071
40.46448816272091,4.321739130434783,1.6916563845094008,3.6782608695652175,0.8602105514446071
40.48549516505501,4.321739130434783,1.6916563845094008,3.6782608695652175,0.8602105514446071
40.50650216738913,4.321739130434783,1.6916563845094008,3.6782608695652175,0.8602105514446071
40.52750916972324,4.321739130434783,1.6916563845094008,3.6782608695652175,0.8602105514446071
40.548516172057354,4.321739130434783,1.6916563845094008,3.6782608695652175,0.8602105514446071
40.56952317439146,4.321739130434783,1.6916563845094008,3.6782608695652175,0.8602105514446071
40.59053017672557,4.321739130434783,1.6916563845094008,3.6782608695652175,0.8602105514446071
40.61153717905969,4.321739130434783,1.6916563845094008,3.6782608695652175,0.8602105514446071
40.6325441813938,4.321739130434783,1.6916563845094008,3.6782608695652175,0.8602105514446071
40.65355118372791,4.321739130434783,1.6916563845094008,3.6782608695652175,0.8602105514446071
40.674558186062015,4.321739130434783,1.6916563845094008,3.6782608695652175,0.8602105514446071
40.69556518839613,4.321739130434783,1.6916563845094008,3.6782608695652175,0.8602105514446071
40.71657219073024,4.321739130434783,1.6916563845094008,3.6782608695652175,0.8602105514446071
40.737579193064356,4.321739130434783,1.6916563845094008,3.6782608695652175,0.8602105514446071
40.75858619539847,4.321739130434783,1.6916563845094008,3.6782608695652175,0.8602105514446071
40.779593197732574,4.321739130434783,1.6916563845094008,3.6782608695652175,0.8602105514446071
40.80060020006669,4.321739130434783,1.6916563845094008,3.6782608695652175,0.8602105514446071
40.8216072024008,4.321739130434783,1.6916563845094008,3.6782608695652175,0.8602105514446071
40.842614204734915,4.321739130434783,1.6916563845094008,3.6782608695652175,0.8602105514446071
40.863621207069016,4.321739130434783,1.6916563845094008,3.6782608695652175,0.8602105514446071
40.88462820940313,4.321739130434783,1.6916563845094008,3.6782608695652175,0.8602105514446071
40.90563521173725,4.321739130434783,1.6916563845094008,3.6782608695652175,0.8602105514446071
40.92664221407136,4.321739130434783,1.6916563845094008,3.6782608695652175,0.8602105514446071
40.94764921640547,4.321739130434783,1.6916563845094008,3.6782608695652175,0.8602105514446071
40.968656218739575,4.321739130434783,1.6916563845094008,3.6782608695652175,0.8602105514446071
40.98966322107369,4.321739130434783,1.6916563845094008,3.6782608695652175,0.8602105514446071
41.0106702234078,4.321739130434783,1.6916563845094008,3.6782608695652175,0.8602105514446071
41.031677225741916,4.321739130434783,1.6916563845094008,3.6782608695652175,0.8602105514446071
41.052684228076025,4.321739130434783,1.6916563845094008,3.6782608695652175,0.8602105514446071
41.073691230410134,4.321739130434783,1.6916563845094008,3.6782608695652175,0.8602105514446071
41.09469823274425,4.321739130434783,1.6916563845094008,3.6782608695652175,0.8602105514446071
41.11570523507836,4.321739130434783,1.6916563845094008,3.6782608695652175,0.8602105514446071
41.136712237412475,4.321739130434783,1.6916563845094008,3.6782608695652175,0.8602105514446071
41.15771923974658,4.321739130434783,1.6916563845094008,3.6782608695652175,0.8602105514446071
41.17872624208069,4.321739130434783,1.6916563845094008,3.6782608695652175,0.8602105514446071
41.1997332444148,4.321739130434783,1.6916563845094008,3.6782608695652175,0.8602105514446071
41.22074024674892,4.321739130434783,1.6916563845094008,3.6782608695652175,0.8602105514446071
41.24174724908303,4.321739130434783,1.6916563845094008,3.6782608695652175,0.8602105514446071
41.262754251417135,4.321739130434783,1.6916563845094008,3.6782608695652175,0.8602105514446071
41.28376125375125,4.321739130434783,1.6916563845094008,3.6782608695652175,0.8602105514446071
41.30476825608536,4.321739130434783,1.6916563845094008,3.6782608695652175,0.8602105514446071
41.325775258419476,4.321739130434783,1.6916563845094008,3.6782608695652175,0.8602105514446071
41.34678226075358,4.321739130434783,1.6916563845094008,3.6782608695652175,0.8602105514446071
41.367789263087694,4.321739130434783,1.6916563845094008,3.6782608695652175,0.8602105514446071
41.38879626542181,4.321739130434783,1.6916563845094008,3.6782608695652175,0.8602105514446071
41.40980326775592,4.321739130434783,1.6916563845094008,3.6782608695652175,0.8602105514446071
41.430810270090035,4.321739130434783,1.6916563845094008,3.6782608695652175,0.8602105514446071
41.45181727242414,4.321739130434783,1.6916563845094008,3.6782608695652175,0.8602105514446071
41.47282427475825,4.321739130434783,1.6916563845094008,3.6782608695652175,0.8602105514446071
41.49383127709236,4.321739130434783,1.6916563845094008,3.6782608695652175,0.8602105514446071
41.51483827942648,4.321739130434783,1.6916563845094008,3.6782608695652175,0.8602105514446071
41.53584528176059,4.321739130434783,1.6916563845094008,3.6782608695652175,0.8602105514446071
41.556852284094695,4.321739130434783,1.6916563845094008,3.6782608695652175,0.8602105514446071
41.57785928642881,4.321739130434783,1.6916563845094008,3.6782608695652175,0.8602105514446071
41.59886628876292,4.321739130434783,1.6916563845094008,3.6782608695652175,0.8602105514446071
41.619873291097036,4.321739130434783,1.6916563845094008,3.6782608695652175,0.8602105514446071
41.64088029343114,4.321739130434783,1.6916563845094008,3.6782608695652175,0.8602105514446071
41.661887295765254,4.321739130434783,1.6916563845094008,3.6782608695652175,0.8602105514446071
41.68289429809936,4.321739130434783,1.6916563845094008,3.6782608695652175,0.8602105514446071
41.70390130043348,4.321739130434783,1.6916563845094008,3.6782608695652175,0.8602105514446071
41.72490830276759,4.321739130434783,1.6916563845094008,3.6782608695652175,0.8602105514446071
41.7459153051017,4.321739130434783,1.6916563845094008,3.6782608695652175,0.8602105514446071
41.76692230743581,4.321739130434783,1.6916563845094008,3.6782608695652175,0.8602105514446071
41.78792930976992,4.321739130434783,1.6916563845094008,3.6782608695652175,0.8602105514446071
41.80893631210404,4.321739130434783,1.6916563845094008,3.6782608695652175,0.8602105514446071
41.82994331443814,4.321739130434783,1.6916563845094008,3.6782608695652175,0.8602105514446071
41.850950316772256,4.321739130434783,1.6916563845094008,3.6782608695652175,0.8602105514446071
41.87195731910637,4.321739130434783,1.6916563845094008,3.6782608695652175,0.8602105514446071
41.89296432144048,4.321739130434783,1.6916563845094008,3.6782608695652175,0.8602105514446071
41.91397132377459,4.321739130434783,1.6916563845094008,3.6782608695652175,0.8602105514446071
41.9349783261087,4.321739130434783,1.6916563845094008,3.6782608695652175,0.8602105514446071
41.955985328442814,4.321739130434783,1.6916563845094008,3.6782608695652175,0.8602105514446071
41.97699233077692,4.321739130434783,1.6916563845094008,3.6782608695652175,0.8602105514446071
41.99799933311104,4.321739130434783,1.6916563845094008,3.6782608695652175,0.8602105514446071
42.01900633544515,4.321739130434783,1.6916563845094008,3.6782608695652175,0.8602105514446071
42.04001333777926,4.321739130434783,1.6916563845094008,3.6782608695652175,0.8602105514446071
42.06102034011337,4.321739130434783,1.6916563845094008,3.6782608695652175,0.8602105514446071
42.08202734244748,4.321739130434783,1.6916563845094008,3.6782608695652175,0.8602105514446071
42.1030343447816,4.321739130434783,1.6916563845094008,3.6782608695652175,0.8602105514446071
42.1240413471157,4.321739130434783,1.6916563845094008,3.6782608695652175,0.8602105514446071
42.145048349449816,4.321739130434783,1.6916563845094008,3.6782608695652175,0.8602105514446071
42.166055351783925,4.321739130434783,1.6916563845094008,3.6782608695652175,0.8602105514446071
42.18706235411804,4.321739130434783,1.6916563845094008,3.6782608695652175,0.8602105514446071
42.20806935645215,4.321739130434783,1.6916563845094008,3.6782608695652175,0.8602105514446071
42.22907635878626,4.321739130434783,1.6916563845094008,3.6782608695652175,0.8602105514446071
42.250083361120375,4.321739130434783,1.6916563845094008,3.6782608695652175,0.8602105514446071
42.27109036345448,4.321739130434783,1.6916563845094008,3.6782608695652175,0.8602105514446071
42.2920973657886,4.321739130434783,1.6916563845094008,3.6782608695652175,0.8602105514446071
42.3131043681227,4.321739130434783,1.6916563845094008,3.6782608695652175,0.8602105514446071
42.33411137045682,4.321739130434783,1.6916563845094008,3.6782608695652175,0.8602105514446071
42.35511837279093,4.321739130434783,1.6916563845094008,3.6782608695652175,0.8602105514446071
42.37612537512504,4.321739130434783,1.6916563845094008,3.6782608695652175,0.8602105514446071
42.39713237745915,4.321739130434783,1.6916563845094008,3.6782608695652175,0.8602105514446071
42.41813937979326,4.321739130434783,1.6916563845094008,3.6782608695652175,0.8602105514446071
42.439146382127376,4.321739130434783,1.6916563845094008,3.6782608695652175,0.8602105514446071
42.460153384461485,4.321739130434783,1.6916563845094008,3.6782608695652175,0.8602105514446071
42.4811603867956,4.321739130434783,1.6916563845094008,3.6782608695652175,0.8602105514446071
42.50216738912971,4.321739130434783,1.6916563845094008,3.6782608695652175,0.8602105514446071
42.52317439146382,4.321739130434783,1.6916563845094008,3.6782608695652175,0.8602105514446071
42.544181393797935,4.321739130434783,1.6916563845094008,3.6782608695652175,0.8602105514446071
42.565188396132044,4.321739130434783,1.6916563845094008,3.6782608695652175,0.8602105514446071
42.58619539846616,4.321739130434783,1.6916563845094008,3.6782608695652175,0.8602105514446071
42.60720240080026,4.321739130434783,1.6916563845094008,3.6782608695652175,0.8602105514446071
42.62820940313438,4.321739130434783,1.6916563845094008,3.6782608695652175,0.8602105514446071
42.649216405468486,4.321739130434783,1.6916563845094008,3.6782608695652175,0.8602105514446071
42.6702234078026,4.321739130434783,1.6916563845094008,3.6782608695652175,0.8602105514446071
42.69123041013671,4.321739130434783,1.6916563845094008,3.6782608695652175,0.8602105514446071
42.71223741247082,4.321739130434783,1.6916563845094008,3.6782608695652175,0.8602105514446071
42.733244414804936,4.321739130434783,1.6916563845094008,3.6782608695652175,0.8602105514446071
42.754251417139045,4.321739130434783,1.6916563845094008,3.6782608695652175,0.8602105514446071
42.77525841947316,4.321739130434783,1.6916563845094008,3.6782608695652175,0.8602105514446071
42.79626542180726,4.321739130434783,1.6916563845094008,3.6782608695652175,0.8602105514446071
42.81727242414138,4.321739130434783,1.6916563845094008,3.6782608695652175,0.8602105514446071
42.838279426475495,4.321739130434783,1.6916563845094008,3.6782608695652175,0.8602105514446071
42.859286428809604,4.321739130434783,1.6916563845094008,3.6782608695652175,0.8602105514446071
42.88029343114371,4.321739130434783,1.6916563845094008,3.6782608695652175,0.8602105514446071
42.90130043347782,4.321739130434783,1.6916563845094008,3.6782608695652175,0.8602105514446071
42.92230743581194,4.321739130434783,1.6916563845094008,3.6782608695652175,0.8602105514446071
42.94331443814605,4.321739130434783,1.6916563845094008,3.6782608695652175,0.8602105514446071
42.96432144048016,4.321739130434783,1.6916563845094008,3.6782608695652175,0.8602105514446071
42.98532844281427,4.321739130434783,1.6916563845094008,3.6782608695652175,0.8602105514446071
43.00633544514838,4.321739130434783,1.6916563845094008,3.6782608695652175,0.8602105514446071
43.027342447482496,4.321739130434783,1.6916563845094008,3.6782608695652175,0.8602105514446071
43.048349449816605,4.321739130434783,1.6916563845094008,3.6782608695652175,0.8602105514446071
43.069356452150714,4.321739130434783,1.6916563845094008,3.6782608695652175,0.8602105514446071
43.09036345448482,4.321739130434783,1.6916563845094008,3.6782608695652175,0.8602105514446071
43.11137045681894,4.321739130434783,1.6916563845094008,3.6782608695652175,0.8602105514446071
43.13237745915305,4.321739130434783,1.6916563845094008,3.6782608695652175,0.8602105514446071
43.153384461487164,4.321739130434783,1.6916563845094008,3.6782608695652175,0.8602105514446071
43.17439146382127,4.321739130434783,1.6916563845094008,3.6782608695652175,0.8602105514446071
43.19539846615538,4.321739130434783,1.6916563845094008,3.6782608695652175,0.8602105514446071
43.2164054684895,4.321739130434783,1.6916563845094008,3.6782608695652175,0.8602105514446071
43.23741247082361,4.321739130434783,1.6916563845094008,3.6782608695652175,0.8602105514446071
43.258419473157716,4.321739130434783,1.6916563845094008,3.6782608695652175,0.8602105514446071
43.279426475491825,4.321739130434783,1.6916563845094008,3.6782608695652175,0.8602105514446071
43.30043347782594,4.321739130434783,1.6916563845094008,3.6782608695652175,0.8602105514446071
43.32144048016006,4.321739130434783,1.6916563845094008,3.6782608695652175,0.8602105514446071
43.342447482494165,4.321739130434783,1.6916563845094008,3.6782608695652175,0.8602105514446071
43.363454484828274,4.321739130434783,1.6916563845094008,3.6782608695652175,0.8602105514446071
43.38446148716238,4.321739130434783,1.6916563845094008,3.6782608695652175,0.8602105514446071
43.4054684894965,4.321739130434783,1.6916563845094008,3.6782608695652175,0.8602105514446071
43.42647549183061,4.321739130434783,1.6916563845094008,3.6782608695652175,0.8602105514446071
43.447482494164724,4.321739130434783,1.6916563845094008,3.6782608695652175,0.8602105514446071
43.46848949649883,4.321739130434783,1.6916563845094008,3.6782608695652175,0.8602105514446071
43.48949649883294,4.321739130434783,1.6916563845094008,3.6782608695652175,0.8602105514446071
43.51050350116706,4.321739130434783,1.6916563845094008,3.6782608695652175,0.8602105514446071
43.53151050350117,4.321739130434783,1.6916563845094008,3.6782608695652175,0.8602105514446071
43.552517505835276,4.321739130434783,1.6916563845094008,3.6782608695652175,0.8602105514446071
43.573524508169385,4.321739130434783,1.6916563845094008,3.6782608695652175,0.8602105514446071
43.5945315105035,4.321739130434783,1.6916563845094008,3.6782608695652175,0.8602105514446071
43.61553851283761,4.321739130434783,1.6916563845094008,3.6782608695652175,0.8602105514446071
43.636545515171726,4.321739130434783,1.6916563845094008,3.6782608695652175,0.8602105514446071
43.657552517505835,4.321739130434783,1.6916563845094008,3.6782608695652175,0.8602105514446071
43.67855951983994,4.321739130434783,1.6916563845094008,3.6782608695652175,0.8602105514446071
43.69956652217406,4.321739130434783,1.6916563845094008,3.6782608695652175,0.8602105514446071
43.72057352450817,4.321739130434783,1.6916563845094008,3.6782608695652175,0.8602105514446071
43.74158052684228,4.321739130434783,1.6916563845094008,3.6782608695652175,0.8602105514446071
43.762587529176386,4.321739130434783,1.6916563845094008,3.6782608695652175,0.8602105514446071
43.7835945315105,4.321739130434783,1.6916563845094008,3.6782608695652175,0.8602105514446071
43.80460153384462,4.321739130434783,1.6916563845094008,3.6782608695652175,0.8602105514446071
43.82560853617873,4.321739130434783,1.6916563845094008,3.6782608695652175,0.8602105514446071
43.846615538512836,4.321739130434783,1.6916563845094008,3.6782608695652175,0.8602105514446071
43.867622540846945,4.321739130434783,1.6916563845094008,3.6782608695652175,0.8602105514446071
43.88862954318106,4.321739130434783,1.6916563845094008,3.6782608695652175,0.8602105514446071
43.90963654551517,4.321739130434783,1.6916563845094008,3.6782608695652175,0.8602105514446071
43.930643547849286,4.321739130434783,1.6916563845094008,3.6782608695652175,0.8602105514446071
43.951650550183395,4.321739130434783,1.6916563845094008,3.6782608695652175,0.8602105514446071
43.972657552517504,4.321739130434783,1.6916563845094008,3.6782608695652175,0.8602105514446071
43.99366455485162,4.321739130434783,1.6916563845094008,3.6782608695652175,0.8602105514446071
44.01467155718573,4.321739130434783,1.6916563845094008,3.6782608695652175,0.8602105514446071
44.03567855951984,4.321739130434783,1.6916563845094008,3.6782608695652175,0.8602105514446071
44.056685561853946,4.321739130434783,1.6916563845094008,3.6782608695652175,0.8602105514446071
44.07769256418806,4.321739130434783,1.6916563845094008,3.6782608695652175,0.8602105514446071
44.09869956652217,4.321739130434783,1.6916563845094008,3.6782608695652175,0.8602105514446071
44.11970656885629,4.321739130434783,1.6916563845094008,3.6782608695652175,0.8602105514446071
44.140713571190396,4.321739130434783,1.6916563845094008,3.6782608695652175,0.8602105514446071
44.161720573524505,4.321739130434783,1.6916563845094008,3.6782608695652175,0.8602105514446071
44.18272757585862,4.321739130434783,1.6916563845094008,3.6782608695652175,0.8602105514446071
44.20373457819273,4.321739130434783,1.6916563845094008,3.6782608695652175,0.8602105514446071
44.22474158052684,4.321739130434783,1.6916563845094008,3.6782608695652175,0.8602105514446071
44.24574858286095,4.321739130434783,1.6916563845094008,3.6782608695652175,0.8602105514446071
44.266755585195064,4.321739130434783,1.6916563845094008,3.6782608695652175,0.8602105514446071
44.28776258752918,4.321739130434783,1.6916563845094008,3.6782608695652175,0.8602105514446071
44.30876958986329,4.321739130434783,1.6916563845094008,3.6782608695652175,0.8602105514446071
44.3297765921974,4.321739130434783,1.6916563845094008,3.6782608695652175,0.8602105514446071
44.35078359453151,4.321739130434783,1.6916563845094008,3.6782608695652175,0.8602105514446071
44.37179059686562,4.321739130434783,1.6916563845094008,3.6782608695652175,0.8602105514446071
44.39279759919973,4.321739130434783,1.6916563845094008,3.6782608695652175,0.8602105514446071
44.41380460153384,4.321739130434783,1.6916563845094008,3.6782608695652175,0.8602105514446071
44.434811603867956,4.321739130434783,1.6916563845094008,3.6782608695652175,0.8602105514446071
44.455818606202065,4.321739130434783,1.6916563845094008,3.6782608695652175,0.8602105514446071
44.47682560853618,4.321739130434783,1.6916563845094008,3.6782608695652175,0.8602105514446071
44.49783261087029,4.321739130434783,1.6916563845094008,3.6782608695652175,0.8602105514446071
44.5188396132044,4.321739130434783,1.6916563845094008,3.6782608695652175,0.8602105514446071
44.53984661553851,4.321739130434783,1.6916563845094008,3.6782608695652175,0.8602105514446071
44.560853617872624,4.321739130434783,1.6916563845094008,3.6782608695652175,0.8602105514446071
44.58186062020673,4.321739130434783,1.6916563845094008,3.6782608695652175,0.8602105514446071
44.60286762254084,4.321739130434783,1.6916563845094008,3.6782608695652175,0.8602105514446071
44.62387462487496,4.321739130434783,1.6916563845094008,3.6782608695652175,0.8602105514446071
44.64488162720907,4.321739130434783,1.6916563845094008,3.6782608695652175,0.8602105514446071
44.66588862954318,4.321739130434783,1.6916563845094008,3.6782608695652175,0.8602105514446071
44.68689563187729,4.321739130434783,1.6916563845094008,3.6782608695652175,0.8602105514446071
44.7079026342114,4.321739130434783,1.6916563845094008,3.6782608695652175,0.8602105514446071
44.72890963654551,4.321739130434783,1.6916563845094008,3.6782608695652175,0.8602105514446071
44.749916638879625,4.321739130434783,1.6916563845094008,3.6782608695652175,0.8602105514446071
44.77092364121374,4.321739130434783,1.6916563845094008,3.6782608695652175,0.8602105514446071
44.79193064354785,4.321739130434783,1.6916563845094008,3.6782608695652175,0.8602105514446071
44.81293764588196,4.321739130434783,1.6916563845094008,3.6782608695652175,0.8602105514446071
44.83394464821607,4.321739130434783,1.6916563845094008,3.6782608695652175,0.8602105514446071
44.854951650550184,4.321739130434783,1.6916563845094008,3.6782608695652175,0.8602105514446071
44.87595865288429,4.321739130434783,1.6916563845094008,3.6782608695652175,0.8602105514446071
44.8969656552184,4.321739130434783,1.6916563845094008,3.6782608695652175,0.8602105514446071
44.91797265755252,4.321739130434783,1.6916563845094008,3.6782608695652175,0.8602105514446071
44.93897965988663,4.321739130434783,1.6916563845094008,3.6782608695652175,0.8602105514446071
44.95998666222074,4.321739130434783,1.6916563845094008,3.6782608695652175,0.8602105514446071
44.98099366455485,4.321739130434783,1.6916563845094008,3.6782608695652175,0.8602105514446071
45.00200066688896,4.321739130434783,1.6916563845094008,3.6782608695652175,0.8602105514446071
45.02300766922307,4.321739130434783,1.6916563845094008,3.6782608695652175,0.8602105514446071
45.044014671557186,4.321739130434783,1.6916563845094008,3.6782608695652175,0.8602105514446071
45.065021673891295,4.321739130434783,1.6916563845094008,3.6782608695652175,0.8602105514446071
45.0860286762254,4.321739130434783,1.6916563845094008,3.6782608695652175,0.8602105514446071
45.10703567855952,4.321739130434783,1.6916563845094008,3.6782608695652175,0.8602105514446071
45.12804268089363,4.321739130434783,1.6916563845094008,3.6782608695652175,0.8602105514446071
45.149049683227744,4.321739130434783,1.6916563845094008,3.6782608695652175,0.8602105514446071
45.17005668556185,4.321739130434783,1.6916563845094008,3.6782608695652175,0.8602105514446071
45.19106368789596,4.321739130434783,1.6916563845094008,3.6782608695652175,0.8602105514446071
45.21207069023007,4.321739130434783,1.6916563845094008,3.6782608695652175,0.8602105514446071
45.23307769256419,4.321739130434783,1.6916563845094008,3.6782608695652175,0.8602105514446071
45.2540846948983,4.321739130434783,1.6916563845094008,3.6782608695652175,0.8602105514446071
45.27509169723241,4.321739130434783,1.6916563845094008,3.6782608695652175,0.8602105514446071
45.29609869956652,4.321739130434783,1.6916563845094008,3.6782608695652175,0.8602105514446071
45.31710570190063,4.321739130434783,1.6916563845094008,3.6782608695652175,0.8602105514446071
45.338112704234746,4.321739130434783,1.6916563845094008,3.6782608695652175,0.8602105514446071
45.359119706568855,4.321739130434783,1.6916563845094008,3.6782608695652175,0.8602105514446071
45.380126708902964,4.321739130434783,1.6916563845094008,3.6782608695652175,0.8602105514446071
45.40113371123708,4.321739130434783,1.6916563845094008,3.6782608695652175,0.8602105514446071
45.42214071357119,4.321739130434783,1.6916563845094008,3.6782608695652175,0.8602105514446071
45.443147715905305,4.321739130434783,1.6916563845094008,3.6782608695652175,0.8602105514446071
45.46415471823941,4.321739130434783,1.6916563845094008,3.6782608695652175,0.8602105514446071
45.48516172057352,4.321739130434783,1.6916563845094008,3.6782608695652175,0.8602105514446071
45.50616872290763,4.321739130434783,1.6916563845094008,3.6782608695652175,0.8602105514446071
45.52717572524175,4.321739130434783,1.6916563845094008,3.6782608695652175,0.8602105514446071
45.548182727575856,4.321739130434783,1.6916563845094008,3.6782608695652175,0.8602105514446071
45.569189729909965,4.321739130434783,1.6916563845094008,3.6782608695652175,0.8602105514446071
45.59019673224408,4.321739130434783,1.6916563845094008,3.6782608695652175,0.8602105514446071
45.61120373457819,4.321739130434783,1.6916563845094008,3.6782608695652175,0.8602105514446071
45.632210736912306,4.321739130434783,1.6916563845094008,3.6782608695652175,0.8602105514446071
45.653217739246415,4.321739130434783,1.6916563845094008,3.6782608695652175,0.8602105514446071
45.674224741580524,4.321739130434783,1.6916563845094008,3.6782608695652175,0.8602105514446071
45.69523174391463,4.321739130434783,1.6916563845094008,3.6782608695652175,0.8602105514446071
45.71623874624875,4.321739130434783,1.6916563845094008,3.6782608695652175,0.8602105514446071
45.737245748582865,4.321739130434783,1.6916563845094008,3.6782608695652175,0.8602105514446071
45.75825275091697,4.321739130434783,1.6916563845094008,3.6782608695652175,0.8602105514446071
45.77925975325108,4.321739130434783,1.6916563845094008,3.6782608695652175,0.8602105514446071
45.80026675558519,4.321739130434783,1.6916563845094008,3.6782608695652175,0.8602105514446071
45.82127375791931,4.321739130434783,1.6916563845094008,3.6782608695652175,0.8602105514446071
45.842280760253416,4.321739130434783,1.6916563845094008,3.6782608695652175,0.8602105514446071
45.863287762587525,4.321739130434783,1.6916563845094008,3.6782608695652175,0.8602105514446071
45.88429476492164,4.321739130434783,1.6916563845094008,3.6782608695652175,0.8602105514446071
45.90530176725575,4.3130434782608695,1.6907174571313717,3.6782608695652175,0.8602105514446071
45.926308769589866,4.3130434782608695,1.6907174571313717,3.6782608695652175,0.8602105514446071
45.94731577192397,4.2956521739130435,1.6679793192518293,3.6782608695652175,0.8602105514446071
45.968322774258084,4.28695652173913,1.6720995258047882,3.6782608695652175,0.8602105514446071
45.98932977659219,4.28695652173913,1.6720995258047882,3.6782608695652175,0.8602105514446071
46.01033677892631,4.278260869565218,1.6605280778006921,3.6782608695652175,0.8602105514446071
46.03134378126042,4.278260869565218,1.6605280778006921,3.6782608695652175,0.8602105514446071
46.05235078359453,4.278260869565218,1.6605280778006921,3.6782608695652175,0.8602105514446071
46.07335778592864,4.278260869565218,1.6605280778006921,3.6782608695652175,0.8602105514446071
46.09436478826275,4.278260869565218,1.6605280778006921,3.6782608695652175,0.8602105514446071
46.11537179059687,4.278260869565218,1.6605280778006921,3.6782608695652175,0.8602105514446071
46.13637879293098,4.278260869565218,1.6605280778006921,3.6782608695652175,0.8602105514446071
46.157385795265085,4.269565217391304,1.6593437106562698,3.6782608695652175,0.8602105514446071
46.178392797599194,4.269565217391304,1.6593437106562698,3.6782608695652175,0.8602105514446071
46.19939979993331,4.269565217391304,1.6593437106562698,3.6782608695652175,0.8602105514446071
46.220406802267426,4.269565217391304,1.6593437106562698,3.6782608695652175,0.8602105514446071
46.24141380460153,4.269565217391304,1.6593437106562698,3.6782608695652175,0.8602105514446071
46.262420806935644,4.269565217391304,1.6593437106562698,3.6782608695652175,0.8602105514446071
46.28342780926975,4.269565217391304,1.6593437106562698,3.6782608695652175,0.8602105514446071
46.30443481160387,4.269565217391304,1.6593437106562698,3.6782608695652175,0.8602105514446071
46.32544181393798,4.269565217391304,1.6593437106562698,3.6782608695652175,0.8602105514446071
46.34644881627209,4.269565217391304,1.6593437106562698,3.6782608695652175,0.8602105514446071
46.3674558186062,4.269565217391304,1.6593437106562698,3.6782608695652175,0.8602105514446071
46.38846282094031,4.269565217391304,1.6593437106562698,3.6782608695652175,0.8602105514446071
46.40946982327443,4.269565217391304,1.6593437106562698,3.6782608695652175,0.8602105514446071
46.43047682560853,4.269565217391304,1.6593437106562698,3.6782608695652175,0.8602105514446071
46.451483827942646,4.269565217391304,1.6593437106562698,3.6782608695652175,0.8602105514446071
46.472490830276755,4.269565217391304,1.6593437106562698,3.6782608695652175,0.8602105514446071
46.49349783261087,4.269565217391304,1.6593437106562698,3.6782608695652175,0.8602105514446071
46.51450483494498,4.269565217391304,1.6593437106562698,3.6782608695652175,0.8602105514446071
46.53551183727909,4.269565217391304,1.6593437106562698,3.6782608695652175,0.8602105514446071
46.556518839613204,4.269565217391304,1.6593437106562698,3.6782608695652175,0.8602105514446071
46.57752584194731,4.269565217391304,1.6593437106562698,3.6782608695652175,0.8602105514446071
46.59853284428143,4.269565217391304,1.6593437106562698,3.6782608695652175,0.8602105514446071
46.61953984661554,4.260869565217392,1.6633489347214376,3.6782608695652175,0.8602105514446071
46.64054684894965,4.260869565217392,1.6633489347214376,3.6782608695652175,0.8602105514446071
46.661553851283756,4.260869565217392,1.6633489347214376,3.6782608695652175,0.8602105514446071
46.68256085361787,4.260869565217392,1.6633489347214376,3.6782608695652175,0.8602105514446071
46.70356785595199,4.260869565217392,1.6633489347214376,3.6782608695652175,0.8602105514446071
46.72457485828609,4.260869565217392,1.6633489347214376,3.6782608695652175,0.8602105514446071
46.745581860620206,4.260869565217392,1.6633489347214376,3.6782608695652175,0.8602105514446071
46.766588862954315,4.260869565217392,1.6633489347214376,3.6782608695652175,0.8602105514446071
46.78759586528843,4.260869565217392,1.6633489347214376,3.6782608695652175,0.8602105514446071
46.80860286762254,4.260869565217392,1.6633489347214376,3.6782608695652175,0.8602105514446071
46.82960986995665,4.243478260869566,1.6555115029754195,3.6782608695652175,0.8602105514446071
46.850616872290765,4.234782608695652,1.6593892788697824,3.6782608695652175,0.8602105514446071
46.87162387462487,4.234782608695652,1.6593892788697824,3.6782608695652175,0.8602105514446071
46.89263087695899,4.234782608695652,1.6593892788697824,3.6782608695652175,0.8602105514446071
46.91363787929309,4.234782608695652,1.6593892788697824,3.6782608695652175,0.8602105514446071
46.93464488162721,4.217391304347826,1.656516033312095,3.6782608695652175,0.8602105514446071
46.955651883961316,4.217391304347826,1.656516033312095,3.6782608695652175,0.8602105514446071
46.97665888629543,4.217391304347826,1.656516033312095,3.6782608695652175,0.8602105514446071
46.99766588862954,4.217391304347826,1.656516033312095,3.6782608695652175,0.8602105514446071
47.01867289096365,4.217391304347826,1.656516033312095,3.6782608695652175,0.8602105514446071
47.039679893297766,4.217391304347826,1.656516033312095,3.6782608695652175,0.8602105514446071
47.060686895631875,4.217391304347826,1.656516033312095,3.6782608695652175,0.8602105514446071
47.08169389796599,4.217391304347826,1.656516033312095,3.6782608695652175,0.8602105514446071
47.10270090030009,4.217391304347826,1.656516033312095,3.6782608695652175,0.8602105514446071
47.12370790263421,4.217391304347826,1.656516033312095,3.6782608695652175,0.8602105514446071
47.144714904968325,4.217391304347826,1.656516033312095,3.6782608695652175,0.8602105514446071
47.165721907302434,4.217391304347826,1.656516033312095,3.6782608695652175,0.8602105514446071
47.18672890963655,4.217391304347826,1.656516033312095,3.6782608695652175,0.8602105514446071
47.20773591197065,4.217391304347826,1.656516033312095,3.6782608695652175,0.8602105514446071
47.22874291430477,4.217391304347826,1.656516033312095,3.6782608695652175,0.8602105514446071
47.249749916638876,4.217391304347826,1.656516033312095,3.6782608695652175,0.8602105514446071
47.27075691897299,4.217391304347826,1.656516033312095,3.6782608695652175,0.8602105514446071
47.2917639213071,4.217391304347826,1.656516033312095,3.6782608695652175,0.8602105514446071
47.31277092364121,4.217391304347826,1.656516033312095,3.6782608695652175,0.8602105514446071
47.333777925975326,4.217391304347826,1.656516033312095,3.6782608695652175,0.8602105514446071
47.354784928309435,4.217391304347826,1.656516033312095,3.6782608695652175,0.8602105514446071
47.37579193064355,4.217391304347826,1.656516033312095,3.6782608695652175,0.8602105514446071
47.39679893297765,4.217391304347826,1.656516033312095,3.6782608695652175,0.8602105514446071
47.41780593531177,4.217391304347826,1.656516033312095,3.6782608695652175,0.8602105514446071
47.43881293764588,4.217391304347826,1.656516033312095,3.6782608695652175,0.8602105514446071
47.459819939979994,4.217391304347826,1.656516033312095,3.6782608695652175,0.8602105514446071
47.4808269423141,4.217391304347826,1.656516033312095,3.6782608695652175,0.8602105514446071
47.50183394464821,4.217391304347826,1.656516033312095,3.6782608695652175,0.8602105514446071
47.52284094698233,4.217391304347826,1.656516033312095,3.6782608695652175,0.8602105514446071
47.54384794931644,4.217391304347826,1.656516033312095,3.6782608695652175,0.8602105514446071
47.56485495165055,4.217391304347826,1.656516033312095,3.6782608695652175,0.8602105514446071
47.585861953984654,4.217391304347826,1.656516033312095,3.6782608695652175,0.8602105514446071
47.60686895631877,4.217391304347826,1.656516033312095,3.6782608695652175,0.8602105514446071
47.627875958652886,4.217391304347826,1.656516033312095,3.6782608695652175,0.8602105514446071
47.648882960986995,4.217391304347826,1.656516033312095,3.6782608695652175,0.8602105514446071
47.66988996332111,4.217391304347826,1.656516033312095,3.6782608695652175,0.8602105514446071
47.69089696565521,4.217391304347826,1.656516033312095,3.6782608695652175,0.8602105514446071
47.71190396798933,4.217391304347826,1.656516033312095,3.6782608695652175,0.8602105514446071
47.73291097032344,4.217391304347826,1.656516033312095,3.6782608695652175,0.8602105514446071
47.753917972657554,4.217391304347826,1.656516033312095,3.6782608695652175,0.8602105514446071
47.77492497499166,4.217391304347826,1.656516033312095,3.6782608695652175,0.8602105514446071
47.79593197732577,4.217391304347826,1.656516033312095,3.6782608695652175,0.8602105514446071
47.81693897965989,4.217391304347826,1.656516033312095,3.6782608695652175,0.8602105514446071
47.837945981994,4.217391304347826,1.656516033312095,3.6782608695652175,0.8602105514446071
47.85895298432811,4.217391304347826,1.656516033312095,3.6782608695652175,0.8602105514446071
47.879959986662215,4.217391304347826,1.656516033312095,3.6782608695652175,0.8602105514446071
47.90096698899633,4.217391304347826,1.656516033312095,3.6782608695652175,0.8602105514446071
47.92197399133044,4.217391304347826,1.656516033312095,3.6782608695652175,0.8602105514446071
47.942980993664555,4.217391304347826,1.656516033312095,3.6782608695652175,0.8602105514446071
47.963987995998664,4.217391304347826,1.656516033312095,3.6782608695652175,0.8602105514446071
47.98499499833277,4.217391304347826,1.656516033312095,3.6782608695652175,0.8602105514446071
48.00600200066689,4.217391304347826,1.656516033312095,3.6782608695652175,0.8602105514446071
48.027009003001,4.217391304347826,1.656516033312095,3.6782608695652175,0.8602105514446071
48.048016005335114,4.217391304347826,1.656516033312095,3.6782608695652175,0.8602105514446071
48.069023007669216,4.217391304347826,1.656516033312095,3.6782608695652175,0.8602105514446071
48.09003001000333,4.217391304347826,1.656516033312095,3.6782608695652175,0.8602105514446071
48.11103701233745,4.217391304347826,1.656516033312095,3.6782608695652175,0.8602105514446071
48.13204401467156,4.217391304347826,1.656516033312095,3.6782608695652175,0.8602105514446071
48.15305101700567,4.217391304347826,1.656516033312095,3.6782608695652175,0.8602105514446071
48.174058019339775,4.217391304347826,1.656516033312095,3.6782608695652175,0.8602105514446071
48.19506502167389,4.217391304347826,1.656516033312095,3.6782608695652175,0.8602105514446071
48.216072024008,4.217391304347826,1.656516033312095,3.6782608695652175,0.8602105514446071
48.237079026342116,4.217391304347826,1.656516033312095,3.6782608695652175,0.8602105514446071
48.258086028676225,4.217391304347826,1.656516033312095,3.6782608695652175,0.8602105514446071
48.27909303101033,4.217391304347826,1.656516033312095,3.6782608695652175,0.8602105514446071
48.30010003334445,4.217391304347826,1.656516033312095,3.6782608695652175,0.8602105514446071
48.32110703567856,4.217391304347826,1.656516033312095,3.6782608695652175,0.8602105514446071
48.342114038012674,4.217391304347826,1.656516033312095,3.6782608695652175,0.8602105514446071
48.363121040346776,4.217391304347826,1.656516033312095,3.6782608695652175,0.8602105514446071
48.38412804268089,4.208695652173913,1.6550090091645662,3.6782608695652175,0.8602105514446071
48.405135045015,4.208695652173913,1.6550090091645662,3.6782608695652175,0.8602105514446071
48.42614204734912,4.208695652173913,1.6550090091645662,3.6782608695652175,0.8602105514446071
48.447149049683226,4.208695652173913,1.6550090091645662,3.6782608695652175,0.8602105514446071
48.468156052017335,4.208695652173913,1.6550090091645662,3.6782608695652175,0.8602105514446071
48.48916305435145,4.208695652173913,1.6550090091645662,3.6782608695652175,0.8602105514446071
48.51017005668556,4.208695652173913,1.6550090091645662,3.6782608695652175,0.8602105514446071
48.531177059019676,4.208695652173913,1.6550090091645662,3.6782608695652175,0.8602105514446071
48.55218406135378,4.2,1.658705624222118,3.6782608695652175,0.8602105514446071
48.573191063687894,4.2,1.658705624222118,3.6782608695652175,0.8602105514446071
48.59419806602201,4.2,1.658705624222118,3.6782608695652175,0.8602105514446071
48.61520506835612,4.2,1.658705624222118,3.6782608695652175,0.8602105514446071
48.63621207069023,4.2,1.658705624222118,3.6782608695652175,0.8602105514446071
48.657219073024336,4.2,1.658705624222118,3.6782608695652175,0.8602105514446071
48.67822607535845,4.2,1.658705624222118,3.6782608695652175,0.8602105514446071
48.69923307769256,4.2,1.658705624222118,3.6782608695652175,0.8602105514446071
48.72024008002668,4.2,1.658705624222118,3.6782608695652175,0.8602105514446071
48.741247082360786,4.2,1.658705624222118,3.6782608695652175,0.8602105514446071
48.762254084694895,4.2,1.658705624222118,3.6782608695652175,0.8602105514446071
48.78326108702901,4.2,1.658705624222118,3.6782608695652175,0.8602105514446071
48.80426808936312,4.2,1.658705624222118,3.6782608695652175,0.8602105514446071
48.825275091697236,4.2,1.658705624222118,3.6782608695652175,0.8602105514446071
48.84628209403134,4.2,1.658705624222118,3.6782608695652175,0.8602105514446071
48.867289096365454,4.2,1.658705624222118,3.6782608695652175,0.8602105514446071
48.88829609869956,4.2,1.658705624222118,3.6782608695652175,0.8602105514446071
48.90930310103368,4.2,1.658705624222118,3.6782608695652175,0.8602105514446071
48.93031010336779,4.2,1.658705624222118,3.6782608695652175,0.8602105514446071
48.9513171057019,4.2,1.658705624222118,3.6782608695652175,0.8602105514446071
48.97232410803601,4.2,1.658705624222118,3.6782608695652175,0.8602105514446071
48.99333111037012,4.2,1.658705624222118,3.6782608695652175,0.8602105514446071
49.01433811270424,4.2,1.658705624222118,3.6782608695652175,0.8602105514446071
49.03534511503834,4.2,1.658705624222118,3.6782608695652175,0.8602105514446071
49.056352117372455,4.2,1.658705624222118,3.6782608695652175,0.8602105514446071
49.07735911970657,4.2,1.658705624222118,3.6782608695652175,0.8602105514446071
49.09836612204068,4.2,1.658705624222118,3.6782608695652175,0.8602105514446071
49.11937312437479,4.2,1.658705624222118,3.6782608695652175,0.8602105514446071
49.1403801267089,4.2,1.658705624222118,3.6782608695652175,0.8602105514446071
49.161387129043014,4.2,1.658705624222118,3.6782608695652175,0.8602105514446071
49.18239413137712,4.2,1.658705624222118,3.6782608695652175,0.8602105514446071
49.20340113371124,4.2,1.658705624222118,3.6782608695652175,0.8602105514446071
49.22440813604535,4.2,1.658705624222118,3.6782608695652175,0.8602105514446071
49.24541513837946,4.2,1.658705624222118,3.6782608695652175,0.8602105514446071
49.26642214071357,4.2,1.658705624222118,3.6782608695652175,0.8602105514446071
49.28742914304768,4.2,1.658705624222118,3.6782608695652175,0.8602105514446071
49.3084361453818,4.2,1.658705624222118,3.6782608695652175,0.8602105514446071
49.3294431477159,4.2,1.658705624222118,3.6782608695652175,0.8602105514446071
49.350450150050015,4.2,1.658705624222118,3.6782608695652175,0.8602105514446071
49.371457152384124,4.2,1.658705624222118,3.6782608695652175,0.8602105514446071
49.39246415471824,4.2,1.658705624222118,3.6782608695652175,0.8602105514446071
49.41347115705235,4.2,1.658705624222118,3.6782608695652175,0.8602105514446071
49.43447815938646,4.2,1.658705624222118,3.6782608695652175,0.8602105514446071
49.455485161720574,4.2,1.658705624222118,3.6782608695652175,0.8602105514446071
49.47649216405468,4.2,1.658705624222118,3.6782608695652175,0.8602105514446071
49.4974991663888,4.2,1.658705624222118,3.6782608695652175,0.8602105514446071
49.5185061687229,4.2,1.658705624222118,3.6782608695652175,0.8602105514446071
49.53951317105702,4.2,1.658705624222118,3.6782608695652175,0.8602105514446071
49.56052017339113,4.2,1.658705624222118,3.6782608695652175,0.8602105514446071
49.58152717572524,4.2,1.658705624222118,3.6782608695652175,0.8602105514446071
49.60253417805935,4.2,1.658705624222118,3.6782608695652175,0.8602105514446071
49.62354118039346,4.2,1.658705624222118,3.6782608695652175,0.8602105514446071
49.644548182727576,4.2,1.658705624222118,3.6782608695652175,0.8602105514446071
49.665555185061685,4.2,1.658705624222118,3.6782608695652175,0.8602105514446071
49.6865621873958,4.2,1.658705624222118,3.6782608695652175,0.8602105514446071
49.70756918972991,4.2,1.658705624222118,3.6782608695652175,0.8602105514446071
49.72857619206402,4.2,1.658705624222118,3.6782608695652175,0.8602105514446071
49.749583194398134,4.2,1.658705624222118,3.6782608695652175,0.8602105514446071
49.77059019673224,4.2,1.658705624222118,3.6782608695652175,0.8602105514446071
49.79159719906635,4.2,1.658705624222118,3.6782608695652175,0.8602105514446071
49.81260420140046,4.2,1.658705624222118,3.6782608695652175,0.8602105514446071
49.83361120373458,4.2,1.658705624222118,3.6782608695652175,0.8602105514446071
49.854618206068686,4.2,1.658705624222118,3.6782608695652175,0.8602105514446071
49.8756252084028,4.2,1.658705624222118,3.6782608695652175,0.8602105514446071
49.89663221073691,4.2,1.658705624222118,3.6782608695652175,0.8602105514446071
49.91763921307102,4.2,1.658705624222118,3.6782608695652175,0.8602105514446071
49.938646215405136,4.2,1.658705624222118,3.6782608695652175,0.8602105514446071
49.959653217739245,4.2,1.658705624222118,3.6782608695652175,0.8602105514446071
49.980660220073354,4.2,1.658705624222118,3.6782608695652175,0.8602105514446071
50.00166722240746,4.2,1.658705624222118,3.6782608695652175,0.8602105514446071
50.02267422474158,4.2,1.658705624222118,3.6782608695652175,0.8602105514446071
50.043681227075695,4.2,1.658705624222118,3.6782608695652175,0.8602105514446071
50.0646882294098,4.2,1.658705624222118,3.6782608695652175,0.8602105514446071
50.08569523174391,4.2,1.658705624222118,3.6782608695652175,0.8602105514446071
50.10670223407802,4.2,1.658705624222118,3.6782608695652175,0.8602105514446071
50.12770923641214,4.2,1.658705624222118,3.6782608695652175,0.8602105514446071
50.148716238746246,4.2,1.658705624222118,3.6782608695652175,0.8602105514446071
50.16972324108036,4.2,1.658705624222118,3.6782608695652175,0.8602105514446071
50.19073024341447,4.2,1.658705624222118,3.6782608695652175,0.8602105514446071
50.21173724574858,4.2,1.658705624222118,3.6782608695652175,0.8602105514446071
50.232744248082696,4.2,1.658705624222118,3.6782608695652175,0.8602105514446071
50.253751250416805,4.2,1.658705624222118,3.6782608695652175,0.8602105514446071
50.274758252750914,4.2,1.658705624222118,3.6782608695652175,0.8602105514446071
50.29576525508502,4.2,1.658705624222118,3.6782608695652175,0.8602105514446071
50.31677225741914,4.2,1.658705624222118,3.6782608695652175,0.8602105514446071
50.33777925975325,4.2,1.658705624222118,3.6782608695652175,0.8602105514446071
50.358786262087364,4.2,1.658705624222118,3.6782608695652175,0.8602105514446071
50.37979326442147,4.2,1.658705624222118,3.6782608695652175,0.8602105514446071
50.40080026675558,4.2,1.658705624222118,3.6782608695652175,0.8602105514446071
50.4218072690897,4.2,1.658705624222118,3.6782608695652175,0.8602105514446071
50.442814271423806,4.2,1.658705624222118,3.6782608695652175,0.8602105514446071
50.463821273757915,4.2,1.658705624222118,3.6782608695652175,0.8602105514446071
50.484828276092024,4.2,1.658705624222118,3.6782608695652175,0.8602105514446071
50.50583527842614,4.2,1.658705624222118,3.6782608695652175,0.8602105514446071
50.526842280760256,4.2,1.658705624222118,3.6782608695652175,0.8602105514446071
50.547849283094365,4.2,1.658705624222118,3.6782608695652175,0.8602105514446071
50.568856285428474,4.2,1.658705624222118,3.6782608695652175,0.8602105514446071
50.58986328776258,4.2,1.658705624222118,3.6782608695652175,0.8602105514446071
50.6108702900967,4.2,1.658705624222118,3.6782608695652175,0.8602105514446071
50.63187729243081,4.2,1.658705624222118,3.6782608695652175,0.8602105514446071
50.652884294764924,4.2,1.658705624222118,3.6782608695652175,0.8602105514446071
50.67389129709903,4.2,1.658705624222118,3.6782608695652175,0.8602105514446071
50.69489829943314,4.2,1.658705624222118,3.6782608695652175,0.8602105514446071
50.71590530176726,4.2,1.658705624222118,3.6782608695652175,0.8602105514446071
50.73691230410137,4.2,1.658705624222118,3.6782608695652175,0.8602105514446071
50.757919306435475,4.2,1.658705624222118,3.6782608695652175,0.8602105514446071
50.778926308769584,4.2,1.658705624222118,3.6782608695652175,0.8602105514446071
50.7999333111037,4.2,1.658705624222118,3.6782608695652175,0.8602105514446071
50.82094031343781,4.2,1.658705624222118,3.6782608695652175,0.8602105514446071
50.841947315771925,4.2,1.658705624222118,3.6782608695652175,0.8602105514446071
50.862954318106034,4.2,1.658705624222118,3.6782608695652175,0.8602105514446071
50.88396132044014,4.2,1.658705624222118,3.6782608695652175,0.8602105514446071
50.90496832277426,4.2,1.658705624222118,3.6782608695652175,0.8602105514446071
50.92597532510837,4.2,1.658705624222118,3.6782608695652175,0.8602105514446071
50.94698232744248,4.2,1.658705624222118,3.6782608695652175,0.8602105514446071
50.967989329776586,4.2,1.658705624222118,3.6782608695652175,0.8602105514446071
50.9889963321107,4.2,1.658705624222118,3.6782608695652175,0.8602105514446071
51.01000333444482,4.2,1.658705624222118,3.6782608695652175,0.8602105514446071
51.03101033677893,4.2,1.658705624222118,3.6782608695652175,0.8602105514446071
51.052017339113036,4.2,1.658705624222118,3.6782608695652175,0.8602105514446071
51.073024341447145,4.2,1.658705624222118,3.6782608695652175,0.8602105514446071
51.09403134378126,4.2,1.658705624222118,3.6782608695652175,0.8602105514446071
51.11503834611537,4.2,1.658705624222118,3.6782608695652175,0.8602105514446071
51.13604534844948,4.2,1.658705624222118,3.6782608695652175,0.8602105514446071
51.157052350783594,4.2,1.658705624222118,3.6782608695652175,0.8602105514446071
51.1780593531177,4.2,1.658705624222118,3.6782608695652175,0.8602105514446071
51.19906635545182,4.2,1.658705624222118,3.6782608695652175,0.8602105514446071
51.22007335778593,4.2,1.658705624222118,3.6782608695652175,0.8602105514446071
51.24108036012004,4.2,1.658705624222118,3.6782608695652175,0.8602105514446071
51.262087362454146,4.2,1.658705624222118,3.6782608695652175,0.8602105514446071
51.28309436478826,4.2,1.658705624222118,3.6782608695652175,0.8602105514446071
51.30410136712237,4.2,1.658705624222118,3.6782608695652175,0.8602105514446071
51.32510836945648,4.2,1.658705624222118,3.6782608695652175,0.8602105514446071
51.346115371790596,4.2,1.658705624222118,3.6782608695652175,0.8602105514446071
51.367122374124705,4.2,1.658705624222118,3.6782608695652175,0.8602105514446071
51.38812937645882,4.2,1.658705624222118,3.6782608695652175,0.8602105514446071
51.40913637879293,4.2,1.658705624222118,3.6782608695652175,0.8602105514446071
51.43014338112704,4.2,1.658705624222118,3.6782608695652175,0.8602105514446071
51.45115038346115,4.2,1.658705624222118,3.6782608695652175,0.8602105514446071
51.47215738579526,4.2,1.658705624222118,3.6782608695652175,0.8602105514446071
51.49316438812938,4.2,1.658705624222118,3.6782608695652175,0.8602105514446071
51.51417139046349,4.2,1.658705624222118,3.6782608695652175,0.8602105514446071
51.5351783927976,4.2,1.658705624222118,3.6782608695652175,0.8602105514446071
51.556185395131706,4.2,1.658705624222118,3.6782608695652175,0.8602105514446071
51.57719239746582,4.2,1.658705624222118,3.6782608695652175,0.8602105514446071
51.59819939979993,4.2,1.658705624222118,3.6782608695652175,0.8602105514446071
51.61920640213404,4.2,1.658705624222118,3.6782608695652175,0.8602105514446071
51.640213404468156,4.2,1.658705624222118,3.6782608695652175,0.8602105514446071
51.661220406802265,4.2,1.658705624222118,3.6782608695652175,0.8602105514446071
51.68222740913638,4.2,1.658705624222118,3.6782608695652175,0.8602105514446071
51.70323441147049,4.2,1.658705624222118,3.6782608695652175,0.8602105514446071
51.7242414138046,4.2,1.658705624222118,3.6782608695652175,0.8602105514446071
51.74524841613871,4.2,1.658705624222118,3.6782608695652175,0.8602105514446071
51.766255418472824,4.2,1.658705624222118,3.6782608695652175,0.8602105514446071
51.78726242080693,4.2,1.658705624222118,3.6782608695652175,0.8602105514446071
51.80826942314104,4.2,1.658705624222118,3.6782608695652175,0.8602105514446071
51.82927642547516,4.2,1.658705624222118,3.6782608695652175,0.8602105514446071
51.850283427809266,4.2,1.658705624222118,3.6782608695652175,0.8602105514446071
51.87129043014338,4.2,1.658705624222118,3.6782608695652175,0.8602105514446071
51.89229743247749,4.2,1.658705624222118,3.6782608695652175,0.8602105514446071
51.9133044348116,4.2,1.658705624222118,3.6782608695652175,0.8602105514446071
51.93431143714571,4.2,1.658705624222118,3.6782608695652175,0.8602105514446071
51.955318439479825,4.2,1.658705624222118,3.6782608695652175,0.8602105514446071
51.97632544181394,4.2,1.658705624222118,3.6782608695652175,0.8602105514446071
51.99733244414805,4.2,1.658705624222118,3.6782608695652175,0.8602105514446071
52.01833944648216,4.2,1.658705624222118,3.6782608695652175,0.8602105514446071
52.03934644881627,4.2,1.658705624222118,3.6782608695652175,0.8602105514446071
52.060353451150384,4.2,1.658705624222118,3.6782608695652175,0.8602105514446071
52.08136045348449,4.2,1.658705624222118,3.6782608695652175,0.8602105514446071
52.1023674558186,4.2,1.658705624222118,3.6782608695652175,0.8602105514446071
52.12337445815272,4.2,1.658705624222118,3.6782608695652175,0.8602105514446071
52.14438146048683,4.2,1.658705624222118,3.6782608695652175,0.8602105514446071
52.16538846282094,4.2,1.658705624222118,3.6782608695652175,0.8602105514446071
52.18639546515505,4.2,1.658705624222118,3.6782608695652175,0.8602105514446071
52.20740246748916,4.2,1.658705624222118,3.6782608695652175,0.8602105514446071
52.22840946982327,4.2,1.658705624222118,3.6782608695652175,0.8602105514446071
52.249416472157385,4.2,1.658705624222118,3.6782608695652175,0.8602105514446071
52.270423474491494,4.2,1.658705624222118,3.6782608695652175,0.8602105514446071
52.2914304768256,4.2,1.658705624222118,3.6782608695652175,0.8602105514446071
52.31243747915972,4.2,1.658705624222118,3.6782608695652175,0.8602105514446071
52.33344448149383,4.2,1.658705624222118,3.6782608695652175,0.8602105514446071
52.354451483827944,4.2,1.658705624222118,3.6782608695652175,0.8602105514446071
52.37545848616205,4.2,1.658705624222118,3.6782608695652175,0.8602105514446071
52.39646548849616,4.2,1.658705624222118,3.6782608695652175,0.8602105514446071
52.41747249083027,4.2,1.658705624222118,3.6782608695652175,0.8602105514446071
52.43847949316439,4.2,1.658705624222118,3.6782608695652175,0.8602105514446071
52.4594864954985,4.2,1.658705624222118,3.6782608695652175,0.8602105514446071
52.480493497832605,4.2,1.658705624222118,3.6782608695652175,0.8602105514446071
52.50150050016672,4.2,1.658705624222118,3.6782608695652175,0.8602105514446071
52.52250750250083,4.2,1.658705624222118,3.6782608695652175,0.8602105514446071
52.543514504834945,4.2,1.658705624222118,3.6782608695652175,0.8602105514446071
52.564521507169054,4.2,1.658705624222118,3.6782608695652175,0.8602105514446071
52.58552850950316,4.2,1.658705624222118,3.6782608695652175,0.8602105514446071
52.60653551183728,4.2,1.658705624222118,3.6782608695652175,0.8602105514446071
52.62754251417139,4.2,1.658705624222118,3.6782608695652175,0.8602105514446071
52.648549516505504,4.2,1.658705624222118,3.6782608695652175,0.8602105514446071
52.669556518839606,4.2,1.658705624222118,3.6782608695652175,0.8602105514446071
52.69056352117372,4.2,1.658705624222118,3.6782608695652175,0.8602105514446071
52.71157052350783,4.2,1.658705624222118,3.6782608695652175,0.8602105514446071
52.73257752584195,4.2,1.658705624222118,3.6782608695652175,0.8602105514446071
52.753584528176056,4.2,1.658705624222118,3.6782608695652175,0.8602105514446071
52.774591530510165,4.2,1.658705624222118,3.6782608695652175,0.8602105514446071
52.79559853284428,4.2,1.658705624222118,3.6782608695652175,0.8602105514446071
52.81660553517839,4.2,1.658705624222118,3.6782608695652175,0.8602105514446071
52.837612537512506,4.2,1.658705624222118,3.6782608695652175,0.8602105514446071
52.858619539846615,4.2,1.658705624222118,3.6782608695652175,0.8602105514446071
52.87962654218072,4.2,1.658705624222118,3.6782608695652175,0.8602105514446071
52.90063354451483,4.2,1.658705624222118,3.6782608695652175,0.8602105514446071
52.92164054684895,4.2,1.658705624222118,3.6782608695652175,0.8602105514446071
52.942647549183064,4.2,1.658705624222118,3.6782608695652175,0.8602105514446071
52.963654551517166,4.2,1.658705624222118,3.6782608695652175,0.8602105514446071
52.98466155385128,4.2,1.658705624222118,3.6782608695652175,0.8602105514446071
53.00566855618539,4.2,1.658705624222118,3.6782608695652175,0.8602105514446071
53.02667555851951,4.2,1.658705624222118,3.6782608695652175,0.8602105514446071
53.047682560853616,4.2,1.658705624222118,3.6782608695652175,0.8602105514446071
53.068689563187725,4.2,1.658705624222118,3.6782608695652175,0.8602105514446071
53.08969656552184,4.2,1.658705624222118,3.6782608695652175,0.8602105514446071
53.11070356785595,4.2,1.658705624222118,3.6782608695652175,0.8602105514446071
53.131710570190066,4.2,1.658705624222118,3.6782608695652175,0.8602105514446071
53.15271757252417,4.2,1.658705624222118,3.6782608695652175,0.8602105514446071
53.173724574858284,4.2,1.658705624222118,3.6782608695652175,0.8602105514446071
53.19473157719239,4.2,1.658705624222118,3.6782608695652175,0.8602105514446071
53.21573857952651,4.2,1.658705624222118,3.6782608695652175,0.8602105514446071
53.23674558186062,4.2,1.658705624222118,3.6782608695652175,0.8602105514446071
53.257752584194726,4.2,1.658705624222118,3.6782608695652175,0.8602105514446071
53.27875958652884,4.2,1.658705624222118,3.6782608695652175,0.8602105514446071
53.29976658886295,4.2,1.658705624222118,3.6782608695652175,0.8602105514446071
53.32077359119707,4.2,1.658705624222118,3.6782608695652175,0.8602105514446071
53.341780593531176,4.2,1.658705624222118,3.6782608695652175,0.8602105514446071
53.362787595865285,4.2,1.658705624222118,3.6782608695652175,0.8602105514446071
53.383794598199394,4.2,1.658705624222118,3.6782608695652175,0.8602105514446071
53.40480160053351,4.2,1.658705624222118,3.6782608695652175,0.8602105514446071
53.425808602867626,4.2,1.658705624222118,3.6782608695652175,0.8602105514446071
53.44681560520173,4.2,1.658705624222118,3.6782608695652175,0.8602105514446071
53.467822607535844,4.2,1.658705624222118,3.6782608695652175,0.8602105514446071
53.48882960986995,4.2,1.658705624222118,3.6782608695652175,0.8602105514446071
53.50983661220407,4.2,1.658705624222118,3.6782608695652175,0.8602105514446071
53.53084361453818,4.2,1.658705624222118,3.6782608695652175,0.8602105514446071
53.55185061687229,4.2,1.658705624222118,3.6782608695652175,0.8602105514446071
53.5728576192064,4.2,1.658705624222118,3.6782608695652175,0.8602105514446071
53.59386462154051,4.2,1.658705624222118,3.6782608695652175,0.8602105514446071
53.61487162387463,4.2,1.658705624222118,3.6782608695652175,0.8602105514446071
53.63587862620873,4.2,1.658705624222118,3.6782608695652175,0.8602105514446071
53.656885628542845,4.2,1.658705624222118,3.6782608695652175,0.8602105514446071
53.677892630876954,4.2,1.658705624222118,3.6782608695652175,0.8602105514446071
53.69889963321107,4.2,1.658705624222118,3.6782608695652175,0.8602105514446071
53.71990663554518,4.2,1.658705624222118,3.6782608695652175,0.8602105514446071
53.74091363787929,4.2,1.658705624222118,3.6782608695652175,0.8602105514446071
53.761920640213404,4.2,1.658705624222118,3.6782608695652175,0.8602105514446071
53.78292764254751,4.2,1.658705624222118,3.6782608695652175,0.8602105514446071
53.80393464488163,4.2,1.658705624222118,3.6782608695652175,0.8602105514446071
53.82494164721573,4.2,1.658705624222118,3.6782608695652175,0.8602105514446071
53.84594864954985,4.2,1.658705624222118,3.6782608695652175,0.8602105514446071
53.866955651883956,4.2,1.658705624222118,3.6782608695652175,0.8602105514446071
53.88796265421807,4.2,1.658705624222118,3.6782608695652175,0.8602105514446071
53.90896965655219,4.2,1.658705624222118,3.6782608695652175,0.8602105514446071
53.92997665888629,4.2,1.658705624222118,3.6782608695652175,0.8602105514446071
53.950983661220405,4.2,1.658705624222118,3.6782608695652175,0.8602105514446071
53.971990663554514,4.2,1.658705624222118,3.6782608695652175,0.8602105514446071
53.99299766588863,4.2,1.658705624222118,3.6782608695652175,0.8602105514446071
54.01400466822273,4.2,1.658705624222118,3.6782608695652175,0.8602105514446071
54.03501167055685,4.2,1.658705624222118,3.6782608695652175,0.8602105514446071
54.056018672890964,4.2,1.658705624222118,3.6782608695652175,0.8602105514446071
54.07702567522507,4.2,1.658705624222118,3.6782608695652175,0.8602105514446071
54.09803267755919,4.2,1.658705624222118,3.6782608695652175,0.8602105514446071
54.11903967989329,4.2,1.658705624222118,3.6782608695652175,0.8602105514446071
54.14004668222741,4.2,1.658705624222118,3.6782608695652175,0.8602105514446071
54.161053684561516,4.2,1.658705624222118,3.6782608695652175,0.8602105514446071
54.18206068689563,4.2,1.658705624222118,3.6782608695652175,0.8602105514446071
54.20306768922974,4.2,1.658705624222118,3.6782608695652175,0.8602105514446071
54.22407469156385,4.2,1.658705624222118,3.6782608695652175,0.8602105514446071
54.245081693897966,4.2,1.658705624222118,3.6782608695652175,0.8602105514446071
54.266088696232075,4.2,1.658705624222118,3.6782608695652175,0.8602105514446071
54.28709569856619,4.2,1.658705624222118,3.6782608695652175,0.8602105514446071
54.30810270090029,4.2,1.658705624222118,3.6782608695652175,0.8602105514446071
54.32910970323441,4.2,1.658705624222118,3.6782608695652175,0.8602105514446071
54.35011670556852,4.2,1.658705624222118,3.6782608695652175,0.8602105514446071
54.37112370790263,4.2,1.658705624222118,3.6782608695652175,0.8602105514446071
54.39213071023675,4.2,1.658705624222118,3.6782608695652175,0.8602105514446071
54.41313771257085,4.2,1.658705624222118,3.6782608695652175,0.8602105514446071
54.43414471490497,4.2,1.658705624222118,3.6782608695652175,0.8602105514446071
54.455151717239076,4.2,1.658705624222118,3.6782608695652175,0.8602105514446071
54.47615871957319,4.2,1.658705624222118,3.6782608695652175,0.8602105514446071
54.497165721907294,4.2,1.658705624222118,3.6782608695652175,0.8602105514446071
54.51817272424141,4.2,1.658705624222118,3.6782608695652175,0.8602105514446071
54.539179726575526,4.2,1.658705624222118,3.6782608695652175,0.8602105514446071
54.560186728909635,4.2,1.658705624222118,3.6782608695652175,0.8602105514446071
54.58119373124375,4.2,1.658705624222118,3.6782608695652175,0.8602105514446071
54.60220073357785,4.2,1.658705624222118,3.6782608695652175,0.8602105514446071
54.62320773591197,4.2,1.658705624222118,3.6782608695652175,0.8602105514446071
54.64421473824608,4.2,1.658705624222118,3.6782608695652175,0.8602105514446071
54.66522174058019,4.2,1.658705624222118,3.6782608695652175,0.8602105514446071
54.6862287429143,4.2,1.658705624222118,3.6782608695652175,0.8602105514446071
54.70723574524841,4.2,1.658705624222118,3.6782608695652175,0.8602105514446071
54.72824274758253,4.2,1.658705624222118,3.6782608695652175,0.8602105514446071
54.749249749916636,4.2,1.658705624222118,3.6782608695652175,0.8602105514446071
54.77025675225075,4.2,1.658705624222118,3.6782608695652175,0.8602105514446071
54.791263754584854,4.2,1.658705624222118,3.6782608695652175,0.8602105514446071
54.81227075691897,4.2,1.658705624222118,3.6782608695652175,0.8602105514446071
54.83327775925308,4.2,1.658705624222118,3.6782608695652175,0.8602105514446071
54.854284761587195,4.2,1.658705624222118,3.6782608695652175,0.8602105514446071
54.87529176392131,4.2,1.658705624222118,3.6782608695652175,0.8602105514446071
54.89629876625541,4.2,1.658705624222118,3.6782608695652175,0.8602105514446071
54.91730576858953,4.2,1.658705624222118,3.6782608695652175,0.8602105514446071
54.93831277092364,4.2,1.658705624222118,3.6782608695652175,0.8602105514446071
54.959319773257754,4.2,1.658705624222118,3.6782608695652175,0.8602105514446071
54.98032677559186,4.2,1.658705624222118,3.6782608695652175,0.8602105514446071
55.00133377792597,4.2,1.658705624222118,3.6782608695652175,0.8602105514446071
55.02234078026009,4.2,1.658705624222118,3.6782608695652175,0.8602105514446071
55.043347782594196,4.2,1.658705624222118,3.6782608695652175,0.8602105514446071
55.06435478492831,4.2,1.658705624222118,3.6782608695652175,0.8602105514446071
55.085361787262414,4.2,1.658705624222118,3.6782608695652175,0.8602105514446071
55.10636878959653,4.2,1.658705624222118,3.6782608695652175,0.8602105514446071
55.12737579193064,4.2,1.658705624222118,3.6782608695652175,0.8602105514446071
55.148382794264755,4.2,1.658705624222118,3.6782608695652175,0.8602105514446071
55.169389796598864,4.2,1.658705624222118,3.6782608695652175,0.8602105514446071
55.19039679893297,4.2,1.658705624222118,3.6782608695652175,0.8602105514446071
55.21140380126709,4.2,1.658705624222118,3.6782608695652175,0.8602105514446071
55.2324108036012,4.2,1.658705624222118,3.6782608695652175,0.8602105514446071
55.253417805935314,4.2,1.658705624222118,3.6782608695652175,0.8602105514446071
55.274424808269416,4.2,1.658705624222118,3.6782608695652175,0.8602105514446071
55.29543181060353,4.2,1.658705624222118,3.6782608695652175,0.8602105514446071
55.31643881293764,4.2,1.658705624222118,3.6782608695652175,0.8602105514446071
55.33744581527176,4.2,1.658705624222118,3.6782608695652175,0.8602105514446071
55.358452817605865,4.2,1.658705624222118,3.6782608695652175,0.8602105514446071
55.379459819939974,4.2,1.658705624222118,3.6782608695652175,0.8602105514446071
55.40046682227409,4.2,1.658705624222118,3.6782608695652175,0.8602105514446071
55.4214738246082,4.2,1.658705624222118,3.6782608695652175,0.8602105514446071
55.442480826942315,4.2,1.658705624222118,3.6782608695652175,0.8602105514446071
55.463487829276424,4.2,1.658705624222118,3.6782608695652175,0.8602105514446071
55.48449483161053,4.2,1.658705624222118,3.6782608695652175,0.8602105514446071
55.50550183394465,4.2,1.658705624222118,3.6782608695652175,0.8602105514446071
55.52650883627876,4.2,1.658705624222118,3.6782608695652175,0.8602105514446071
55.547515838612874,4.2,1.658705624222118,3.6782608695652175,0.8602105514446071
55.568522840946976,4.2,1.658705624222118,3.6782608695652175,0.8602105514446071
55.58952984328109,4.2,1.658705624222118,3.6782608695652175,0.8602105514446071
55.6105368456152,4.2,1.658705624222118,3.6782608695652175,0.8602105514446071
55.63154384794932,4.2,1.658705624222118,3.6782608695652175,0.8602105514446071
55.652550850283426,4.2,1.658705624222118,3.6782608695652175,0.8602105514446071
55.673557852617535,4.2,1.658705624222118,3.6782608695652175,0.8602105514446071
55.69456485495165,4.2,1.658705624222118,3.6782608695652175,0.8602105514446071
55.71557185728576,4.2,1.658705624222118,3.6782608695652175,0.8602105514446071
55.736578859619875,4.2,1.658705624222118,3.6782608695652175,0.8602105514446071
55.75758586195398,4.2,1.658705624222118,3.6782608695652175,0.8602105514446071
55.77859286428809,4.2,1.658705624222118,3.6782608695652175,0.8602105514446071
55.7995998666222,4.2,1.658705624222118,3.6782608695652175,0.8602105514446071
55.82060686895632,4.2,1.658705624222118,3.6782608695652175,0.8602105514446071
55.84161387129043,4.2,1.658705624222118,3.6782608695652175,0.8602105514446071
55.862620873624536,4.2,1.658705624222118,3.6782608695652175,0.8602105514446071
55.88362787595865,4.2,1.658705624222118,3.6782608695652175,0.8602105514446071
55.90463487829276,4.2,1.658705624222118,3.6782608695652175,0.8602105514446071
55.92564188062688,4.2,1.658705624222118,3.6782608695652175,0.8602105514446071
55.946648882960986,4.2,1.658705624222118,3.6782608695652175,0.8602105514446071
55.967655885295095,4.2,1.658705624222118,3.6782608695652175,0.8602105514446071
55.98866288762921,4.2,1.658705624222118,3.6782608695652175,0.8602105514446071
56.00966988996332,4.2,1.658705624222118,3.6782608695652175,0.8602105514446071
56.030676892297436,4.2,1.658705624222118,3.6782608695652175,0.8602105514446071
56.05168389463154,4.2,1.658705624222118,3.6782608695652175,0.8602105514446071
56.07269089696565,4.2,1.658705624222118,3.6782608695652175,0.8602105514446071
56.09369789929976,4.2,1.658705624222118,3.6782608695652175,0.8602105514446071
56.11470490163388,4.2,1.658705624222118,3.6782608695652175,0.8602105514446071
56.13571190396799,4.2,1.658705624222118,3.6782608695652175,0.8602105514446071
56.156718906302096,4.2,1.658705624222118,3.6782608695652175,0.8602105514446071
56.17772590863621,4.2,1.658705624222118,3.6782608695652175,0.8602105514446071
56.19873291097032,4.2,1.658705624222118,3.6782608695652175,0.8602105514446071
56.21973991330444,4.2,1.658705624222118,3.6782608695652175,0.8602105514446071
56.24074691563854,4.2,1.658705624222118,3.6782608695652175,0.8602105514446071
56.26175391797265,4.2,1.658705624222118,3.6782608695652175,0.8602105514446071
56.282760920306764,4.2,1.658705624222118,3.6782608695652175,0.8602105514446071
56.30376792264087,4.2,1.658705624222118,3.6782608695652175,0.8602105514446071
56.32477492497499,4.2,1.658705624222118,3.6782608695652175,0.8602105514446071
56.3457819273091,4.2,1.658705624222118,3.6782608695652175,0.8602105514446071
56.366788929643214,4.2,1.658705624222118,3.6782608695652175,0.8602105514446071
56.38779593197732,4.2,1.658705624222118,3.6782608695652175,0.8602105514446071
56.40880293431144,4.2,1.658705624222118,3.6782608695652175,0.8602105514446071
56.42980993664554,4.2,1.658705624222118,3.6782608695652175,0.8602105514446071
56.45081693897965,4.2,1.658705624222118,3.6782608695652175,0.8602105514446071
56.471823941313765,4.2,1.658705624222118,3.6782608695652175,0.8602105514446071
56.492830943647874,4.2,1.658705624222118,3.6782608695652175,0.8602105514446071
56.51383794598199,4.2,1.658705624222118,3.6782608695652175,0.8602105514446071
56.5348449483161,4.2,1.658705624222118,3.6782608695652175,0.8602105514446071
56.555851950650215,4.2,1.658705624222118,3.6782608695652175,0.8602105514446071
56.576858952984324,4.2,1.658705624222118,3.6782608695652175,0.8602105514446071
56.59786595531844,4.2,1.658705624222118,3.6782608695652175,0.8602105514446071
56.61887295765254,4.2,1.658705624222118,3.6782608695652175,0.8602105514446071
56.63987995998665,4.2,1.658705624222118,3.6782608695652175,0.8602105514446071
56.66088696232077,4.2,1.658705624222118,3.6782608695652175,0.8602105514446071
56.681893964654876,4.2,1.658705624222118,3.6782608695652175,0.8602105514446071
56.70290096698899,4.2,1.658705624222118,3.6782608695652175,0.8602105514446071
56.7239079693231,4.2,1.658705624222118,3.6782608695652175,0.8602105514446071
56.74491497165722,4.2,1.658705624222118,3.6782608695652175,0.8602105514446071
56.765921973991325,4.2,1.658705624222118,3.6782608695652175,0.8602105514446071
56.78692897632544,4.2,1.658705624222118,3.6782608695652175,0.8602105514446071
56.80793597865954,4.2,1.658705624222118,3.6782608695652175,0.8602105514446071
56.82894298099365,4.2,1.658705624222118,3.6782608695652175,0.8602105514446071
56.84994998332777,4.2,1.658705624222118,3.6782608695652175,0.8602105514446071
56.87095698566188,4.2,1.658705624222118,3.6782608695652175,0.8602105514446071
56.89196398799599,4.2,1.658705624222118,3.6782608695652175,0.8602105514446071
56.91297099033011,4.2,1.658705624222118,3.6782608695652175,0.8602105514446071
56.93397799266422,4.2,1.658705624222118,3.6782608695652175,0.8602105514446071
56.954984994998334,4.2,1.658705624222118,3.6782608695652175,0.8602105514446071
56.97599199733244,4.2,1.658705624222118,3.6782608695652175,0.8602105514446071
56.996998999666545,4.2,1.658705624222118,3.6782608695652175,0.8602105514446071
57.018006002000654,4.2,1.658705624222118,3.6782608695652175,0.8602105514446071
57.03901300433477,4.2,1.658705624222118,3.6782608695652175,0.8602105514446071
57.060020006668886,4.2,1.658705624222118,3.6782608695652175,0.8602105514446071
57.081027009002995,4.2,1.658705624222118,3.6782608695652175,0.8602105514446071
57.10203401133711,4.2,1.658705624222118,3.6782608695652175,0.8602105514446071
57.12304101367122,4.2,1.658705624222118,3.6782608695652175,0.8602105514446071
57.144048016005335,4.2,1.658705624222118,3.6782608695652175,0.8602105514446071
57.165055018339444,4.2,1.658705624222118,3.6782608695652175,0.8602105514446071
57.186062020673546,4.2,1.658705624222118,3.6782608695652175,0.8602105514446071
57.20706902300766,4.2,1.658705624222118,3.6782608695652175,0.8602105514446071
57.22807602534177,4.2,1.658705624222118,3.6782608695652175,0.8602105514446071
57.24908302767589,4.2,1.658705624222118,3.6782608695652175,0.8602105514446071
57.270090030009996,4.2,1.658705624222118,3.6782608695652175,0.8602105514446071
57.29109703234411,4.2,1.658705624222118,3.6782608695652175,0.8602105514446071
57.31210403467822,4.2,1.658705624222118,3.6782608695652175,0.8602105514446071
57.33311103701234,4.2,1.658705624222118,3.6782608695652175,0.8602105514446071
57.354118039346446,4.2,1.658705624222118,3.6782608695652175,0.8602105514446071
57.37512504168056,4.2,1.658705624222118,3.6782608695652175,0.8602105514446071
57.396132044014664,4.2,1.658705624222118,3.6782608695652175,0.8602105514446071
57.41713904634877,4.2,1.658705624222118,3.6782608695652175,0.8602105514446071
57.43814604868289,4.2,1.658705624222118,3.6782608695652175,0.8602105514446071
57.459153051017,4.2,1.658705624222118,3.6782608695652175,0.8602105514446071
57.48016005335111,4.2,1.658705624222118,3.6782608695652175,0.8602105514446071
57.50116705568522,4.2,1.658705624222118,3.6782608695652175,0.8602105514446071
57.52217405801934,4.2,1.658705624222118,3.6782608695652175,0.8602105514446071
57.54318106035345,4.2,1.658705624222118,3.6782608695652175,0.8602105514446071
57.56418806268756,4.2,1.658705624222118,3.6782608695652175,0.8602105514446071
57.585195065021665,4.2,1.658705624222118,3.6782608695652175,0.8602105514446071
57.606202067355774,4.2,1.658705624222118,3.6782608695652175,0.8602105514446071
57.62720906968989,4.2,1.658705624222118,3.6782608695652175,0.8602105514446071
57.648216072024,4.2,1.658705624222118,3.6782608695652175,0.8602105514446071
57.669223074358115,4.2,1.658705624222118,3.6782608695652175,0.8602105514446071
57.690230076692224,4.2,1.658705624222118,3.6782608695652175,0.8602105514446071
57.71123707902634,4.2,1.658705624222118,3.6782608695652175,0.8602105514446071
57.732244081360456,4.2,1.658705624222118,3.6782608695652175,0.8602105514446071
57.753251083694565,4.2,1.658705624222118,3.6782608695652175,0.8602105514446071
57.77425808602867,4.2,1.658705624222118,3.6782608695652175,0.8602105514446071
57.795265088362775,4.2,1.658705624222118,3.6782608695652175,0.8602105514446071
57.81627209069689,4.2,1.658705624222118,3.6782608695652175,0.8602105514446071
57.837279093031,4.2,1.658705624222118,3.6782608695652175,0.8602105514446071
57.858286095365116,4.2,1.658705624222118,3.6782608695652175,0.8602105514446071
57.87929309769923,4.2,1.658705624222118,3.6782608695652175,0.8602105514446071
57.90030010003334,4.2,1.658705624222118,3.6782608695652175,0.8602105514446071
57.92130710236746,4.2,1.658705624222118,3.6782608695652175,0.8602105514446071
57.942314104701566,4.2,1.658705624222118,3.6782608695652175,0.8602105514446071
57.96332110703567,4.2,1.658705624222118,3.6782608695652175,0.8602105514446071
57.98432810936978,4.2,1.658705624222118,3.6782608695652175,0.8602105514446071
58.00533511170389,4.2,1.658705624222118,3.6782608695652175,0.8602105514446071
58.02634211403801,4.2,1.658705624222118,3.6782608695652175,0.8602105514446071
58.04734911637212,4.2,1.658705624222118,3.6782608695652175,0.8602105514446071
58.068356118706234,4.2,1.658705624222118,3.6782608695652175,0.8602105514446071
58.08936312104034,4.2,1.658705624222118,3.6782608695652175,0.8602105514446071
58.11037012337446,4.2,1.658705624222118,3.6782608695652175,0.8602105514446071
58.13137712570857,4.2,1.658705624222118,3.6782608695652175,0.8602105514446071
58.15238412804267,4.2,1.658705624222118,3.6782608695652175,0.8602105514446071
58.173391130376785,4.2,1.658705624222118,3.6782608695652175,0.8602105514446071
58.194398132710894,4.2,1.658705624222118,3.6782608695652175,0.8602105514446071
58.21540513504501,4.2,1.658705624222118,3.6782608695652175,0.8602105514446071
58.23641213737912,4.2,1.658705624222118,3.6782608695652175,0.8602105514446071
58.257419139713235,4.2,1.658705624222118,3.6782608695652175,0.8602105514446071
58.278426142047344,4.2,1.658705624222118,3.6782608695652175,0.8602105514446071
58.29943314438146,4.2,1.658705624222118,3.6782608695652175,0.8602105514446071
58.32044014671557,4.2,1.658705624222118,3.6782608695652175,0.8602105514446071
58.34144714904967,4.2,1.658705624222118,3.6782608695652175,0.8602105514446071
58.36245415138379,4.2,1.658705624222118,3.6782608695652175,0.8602105514446071
58.383461153717896,4.2,1.658705624222118,3.6782608695652175,0.8602105514446071
58.40446815605201,4.2,1.658705624222118,3.6782608695652175,0.8602105514446071
58.42547515838612,4.2,1.658705624222118,3.6782608695652175,0.8602105514446071
58.44648216072024,4.2,1.658705624222118,3.6782608695652175,0.8602105514446071
58.467489163054346,4.2,1.658705624222118,3.6782608695652175,0.8602105514446071
58.48849616538846,4.2,1.658705624222118,3.6782608695652175,0.8602105514446071
58.50950316772257,4.2,1.658705624222118,3.6782608695652175,0.8602105514446071
58.53051017005667,4.2,1.658705624222118,3.6782608695652175,0.8602105514446071
58.55151717239079,4.2,1.658705624222118,3.6782608695652175,0.8602105514446071
58.5725241747249,4.2,1.658705624222118,3.6782608695652175,0.8602105514446071
58.59353117705901,4.2,1.658705624222118,3.6782608695652175,0.8602105514446071
58.61453817939312,4.2,1.658705624222118,3.6782608695652175,0.8602105514446071
58.63554518172724,4.2,1.658705624222118,3.6782608695652175,0.8602105514446071
58.65655218406135,4.2,1.658705624222118,3.6782608695652175,0.8602105514446071
58.67755918639546,4.2,1.658705624222118,3.6782608695652175,0.8602105514446071
58.69856618872958,4.2,1.658705624222118,3.6782608695652175,0.8602105514446071
58.71957319106369,4.2,1.658705624222118,3.6782608695652175,0.8602105514446071
58.74058019339779,4.2,1.658705624222118,3.6782608695652175,0.8602105514446071
58.7615871957319,4.2,1.658705624222118,3.6782608695652175,0.8602105514446071
58.782594198066015,4.2,1.658705624222118,3.6782608695652175,0.8602105514446071
58.803601200400124,4.2,1.658705624222118,3.6782608695652175,0.8602105514446071
58.82460820273424,4.2,1.658705624222118,3.6782608695652175,0.8602105514446071
58.845615205068356,4.2,1.658705624222118,3.6782608695652175,0.8602105514446071
58.866622207402465,4.2,1.658705624222118,3.6782608695652175,0.8602105514446071
58.88762920973658,4.2,1.658705624222118,3.6782608695652175,0.8602105514446071
58.90863621207069,4.2,1.658705624222118,3.6782608695652175,0.8602105514446071
58.92964321440479,4.2,1.658705624222118,3.6782608695652175,0.8602105514446071
58.9506502167389,4.2,1.658705624222118,3.6782608695652175,0.8602105514446071
58.971657219073016,4.2,1.658705624222118,3.6782608695652175,0.8602105514446071
58.99266422140713,4.2,1.658705624222118,3.6782608695652175,0.8602105514446071
59.01367122374124,4.2,1.658705624222118,3.6782608695652175,0.8602105514446071
59.03467822607536,4.2,1.658705624222118,3.6782608695652175,0.8602105514446071
59.055685228409466,4.2,1.658705624222118,3.6782608695652175,0.8602105514446071
59.07669223074358,4.2,1.658705624222118,3.6782608695652175,0.8602105514446071
59.09769923307769,4.2,1.658705624222118,3.6782608695652175,0.8602105514446071
59.11870623541179,4.2,1.658705624222118,3.6782608695652175,0.8602105514446071
59.13971323774591,4.2,1.658705624222118,3.6782608695652175,0.8602105514446071
59.16072024008002,4.2,1.658705624222118,3.6782608695652175,0.8602105514446071
59.181727242414134,4.2,1.658705624222118,3.6782608695652175,0.8602105514446071
59.20273424474824,4.2,1.658705624222118,3.6782608695652175,0.8602105514446071
59.22374124708236,4.2,1.658705624222118,3.6782608695652175,0.8602105514446071
59.24474824941647,4.2,1.658705624222118,3.6782608695652175,0.8602105514446071
59.26575525175058,4.2,1.658705624222118,3.6782608695652175,0.8602105514446071
59.28676225408469,4.2,1.658705624222118,3.6782608695652175,0.8602105514446071
59.307769256418794,4.2,1.658705624222118,3.6782608695652175,0.8602105514446071
59.32877625875291,4.2,1.658705624222118,3.6782608695652175,0.8602105514446071
59.34978326108702,4.2,1.658705624222118,3.6782608695652175,0.8602105514446071
59.370790263421135,4.2,1.658705624222118,3.6782608695652175,0.8602105514446071
59.391797265755244,4.2,1.658705624222118,3.6782608695652175,0.8602105514446071
59.41280426808936,4.2,1.658705624222118,3.6782608695652175,0.8602105514446071
59.43381127042347,4.2,1.658705624222118,3.6782608695652175,0.8602105514446071
59.454818272757585,4.2,1.658705624222118,3.6782608695652175,0.8602105514446071
59.475825275091694,4.2,1.658705624222118,3.6782608695652175,0.8602105514446071
59.496832277425796,4.2,1.658705624222118,3.6782608695652175,0.8602105514446071
59.51783927975991,4.2,1.658705624222118,3.6782608695652175,0.8602105514446071
59.53884628209402,4.2,1.658705624222118,3.6782608695652175,0.8602105514446071
59.55985328442814,4.2,1.658705624222118,3.6782608695652175,0.8602105514446071
59.580860286762245,4.2,1.658705624222118,3.6782608695652175,0.8602105514446071
59.60186728909636,4.2,1.658705624222118,3.6782608695652175,0.8602105514446071
59.62287429143047,4.2,1.658705624222118,3.6782608695652175,0.8602105514446071
59.643881293764586,4.2,1.658705624222118,3.6782608695652175,0.8602105514446071
59.6648882960987,4.2,1.658705624222118,3.6782608695652175,0.8602105514446071
59.6858952984328,4.2,1.658705624222118,3.6782608695652175,0.8602105514446071
59.70690230076691,4.2,1.658705624222118,3.6782608695652175,0.8602105514446071
59.72790930310102,4.2,1.658705624222118,3.6782608695652175,0.8602105514446071
59.74891630543514,4.2,1.658705624222118,3.6782608695652175,0.8602105514446071
59.76992330776925,4.2,1.658705624222118,3.6782608695652175,0.8602105514446071
59.79093031010336,4.2,1.658705624222118,3.6782608695652175,0.8602105514446071
59.81193731243748,4.2,1.658705624222118,3.6782608695652175,0.8602105514446071
59.83294431477159,4.2,1.658705624222118,3.6782608695652175,0.8602105514446071
59.853951317105704,4.2,1.658705624222118,3.6782608695652175,0.8602105514446071
59.8749583194398,4.2,1.658705624222118,3.6782608695652175,0.8602105514446071
59.895965321773915,4.2,1.658705624222118,3.6782608695652175,0.8602105514446071
59.91697232410802,4.2,1.658705624222118,3.6782608695652175,0.8602105514446071
59.93797932644214,4.2,1.658705624222118,3.6782608695652175,0.8602105514446071
59.958986328776255,4.2,1.658705624222118,3.6782608695652175,0.8602105514446071
59.979993331110364,4.2,1.658705624222118,3.6782608695652175,0.8602105514446071
60.00100033344448,4.2,1.658705624222118,3.6782608695652175,0.8602105514446071
60.02200733577859,4.2,1.658705624222118,3.6782608695652175,0.8602105514446071
60.043014338112705,4.2,1.658705624222118,3.6782608695652175,0.8602105514446071
60.064021340446814,4.2,1.658705624222118,3.6782608695652175,0.8602105514446071
60.085028342780916,4.2,1.658705624222118,3.6782608695652175,0.8602105514446071
60.10603534511503,4.2,1.658705624222118,3.6782608695652175,0.8602105514446071
60.12704234744914,4.2,1.658705624222118,3.6782608695652175,0.8602105514446071
60.14804934978326,4.2,1.658705624222118,3.6782608695652175,0.8602105514446071
60.169056352117366,4.2,1.658705624222118,3.6782608695652175,0.8602105514446071
60.19006335445148,4.2,1.658705624222118,3.6782608695652175,0.8602105514446071
60.21107035678559,4.2,1.658705624222118,3.6782608695652175,0.8602105514446071
60.23207735911971,4.2,1.658705624222118,3.6782608695652175,0.8602105514446071
60.253084361453816,4.2,1.658705624222118,3.6782608695652175,0.8602105514446071
60.27409136378792,4.2,1.658705624222118,3.6782608695652175,0.8602105514446071
60.29509836612203,4.2,1.658705624222118,3.6782608695652175,0.8602105514446071
60.31610536845614,4.2,1.658705624222118,3.6782608695652175,0.8602105514446071
60.33711237079026,4.2,1.658705624222118,3.6782608695652175,0.8602105514446071
60.35811937312437,4.2,1.658705624222118,3.6782608695652175,0.8602105514446071
60.37912637545848,4.2,1.658705624222118,3.6782608695652175,0.8602105514446071
60.40013337779259,4.2,1.658705624222118,3.6782608695652175,0.8602105514446071
60.42114038012671,4.2,1.658705624222118,3.6782608695652175,0.8602105514446071
60.44214738246082,4.2,1.658705624222118,3.6782608695652175,0.8602105514446071
60.46315438479492,4.2,1.658705624222118,3.6782608695652175,0.8602105514446071
60.484161387129035,4.2,1.658705624222118,3.6782608695652175,0.8602105514446071
60.505168389463144,4.2,1.658705624222118,3.6782608695652175,0.8602105514446071
60.52617539179726,4.2,1.658705624222118,3.6782608695652175,0.8602105514446071
60.54718239413137,4.2,1.658705624222118,3.6782608695652175,0.8602105514446071
60.568189396465485,4.2,1.658705624222118,3.6782608695652175,0.8602105514446071
60.589196398799594,4.2,1.658705624222118,3.6782608695652175,0.8602105514446071
60.61020340113371,4.2,1.658705624222118,3.6782608695652175,0.8602105514446071
60.631210403467826,4.2,1.658705624222118,3.6782608695652175,0.8602105514446071
60.65221740580192,4.2,1.658705624222118,3.6782608695652175,0.8602105514446071
60.673224408136036,4.2,1.658705624222118,3.6782608695652175,0.8602105514446071
60.694231410470145,4.2,1.658705624222118,3.6782608695652175,0.8602105514446071
60.71523841280426,4.2,1.658705624222118,3.6782608695652175,0.8602105514446071
60.73624541513837,4.2,1.658705624222118,3.6782608695652175,0.8602105514446071
60.757252417472486,4.2,1.658705624222118,3.6782608695652175,0.8602105514446071
60.7782594198066,4.2,1.658705624222118,3.6782608695652175,0.8602105514446071
60.79926642214071,4.2,1.658705624222118,3.6782608695652175,0.8602105514446071
60.82027342447483,4.2,1.658705624222118,3.6782608695652175,0.8602105514446071
60.84128042680892,4.2,1.658705624222118,3.6782608695652175,0.8602105514446071
60.86228742914304,4.2,1.658705624222118,3.6782608695652175,0.8602105514446071
60.88329443147715,4.2,1.658705624222118,3.6782608695652175,0.8602105514446071
60.90430143381126,4.2,1.658705624222118,3.6782608695652175,0.8602105514446071
60.92530843614538,4.2,1.658705624222118,3.6782608695652175,0.8602105514446071
60.94631543847949,4.2,1.658705624222118,3.6782608695652175,0.8602105514446071
60.967322440813604,4.2,1.658705624222118,3.6782608695652175,0.8602105514446071
60.98832944314771,4.2,1.658705624222118,3.6782608695652175,0.8602105514446071
61.00933644548183,4.2,1.658705624222118,3.6782608695652175,0.8602105514446071
61.03034344781592,4.2,1.658705624222118,3.6782608695652175,0.8602105514446071
61.05135045015004,4.2,1.658705624222118,3.6782608695652175,0.8602105514446071
61.072357452484155,4.2,1.658705624222118,3.6782608695652175,0.8602105514446071
61.093364454818264,4.2,1.658705624222118,3.6782608695652175,0.8602105514446071
61.11437145715238,4.2,1.658705624222118,3.6782608695652175,0.8602105514446071
61.13537845948649,4.2,1.658705624222118,3.6782608695652175,0.8602105514446071
61.156385461820605,4.2,1.658705624222118,3.6782608695652175,0.8602105514446071
61.177392464154714,4.2,1.658705624222118,3.6782608695652175,0.8602105514446071
61.19839946648883,4.2,1.658705624222118,3.6782608695652175,0.8602105514446071
61.21940646882293,4.2,1.658705624222118,3.6782608695652175,0.8602105514446071
61.24041347115704,4.2,1.658705624222118,3.6782608695652175,0.8602105514446071
61.26142047349116,4.2,1.658705624222118,3.6782608695652175,0.8602105514446071
61.282427475825266,4.2,1.658705624222118,3.6782608695652175,0.8602105514446071
61.30343447815938,4.2,1.658705624222118,3.6782608695652175,0.8602105514446071
61.32444148049349,4.2,1.658705624222118,3.6782608695652175,0.8602105514446071
61.34544848282761,4.2,1.658705624222118,3.6782608695652175,0.8602105514446071
61.366455485161715,4.2,1.658705624222118,3.6782608695652175,0.8602105514446071
61.38746248749583,4.2,1.658705624222118,3.6782608695652175,0.8602105514446071
61.40846948982994,4.2,1.658705624222118,3.6782608695652175,0.8602105514446071
61.42947649216404,4.2,1.658705624222118,3.6782608695652175,0.8602105514446071
61.45048349449816,4.2,1.658705624222118,3.6782608695652175,0.8602105514446071
61.47149049683227,4.2,1.658705624222118,3.6782608695652175,0.8602105514446071
61.49249749916638,4.2,1.658705624222118,3.6782608695652175,0.8602105514446071
61.51350450150049,4.2,1.658705624222118,3.6782608695652175,0.8602105514446071
61.53451150383461,4.2,1.658705624222118,3.6782608695652175,0.8602105514446071
61.55551850616872,4.2,1.658705624222118,3.6782608695652175,0.8602105514446071
61.57652550850283,4.2,1.658705624222118,3.6782608695652175,0.8602105514446071
61.59753251083695,4.2,1.658705624222118,3.6782608695652175,0.8602105514446071
61.618539513171044,4.2,1.658705624222118,3.6782608695652175,0.8602105514446071
61.63954651550516,4.2,1.658705624222118,3.6782608695652175,0.8602105514446071
61.66055351783927,4.2,1.658705624222118,3.6782608695652175,0.8602105514446071
61.681560520173385,4.2,1.658705624222118,3.6782608695652175,0.8602105514446071
61.70256752250749,4.2,1.658705624222118,3.6782608695652175,0.8602105514446071
61.72357452484161,4.2,1.658705624222118,3.6782608695652175,0.8602105514446071
61.744581527175725,4.2,1.658705624222118,3.6782608695652175,0.8602105514446071
61.765588529509834,4.2,1.658705624222118,3.6782608695652175,0.8602105514446071
61.78659553184395,4.2,1.658705624222118,3.6782608695652175,0.8602105514446071
61.807602534178045,4.2,1.658705624222118,3.6782608695652175,0.8602105514446071
61.82860953651216,4.2,1.658705624222118,3.6782608695652175,0.8602105514446071
61.84961653884627,4.2,1.658705624222118,3.6782608695652175,0.8602105514446071
61.870623541180386,4.2,1.658705624222118,3.6782608695652175,0.8602105514446071
61.8916305435145,4.2,1.658705624222118,3.6782608695652175,0.8602105514446071
61.91263754584861,4.2,1.658705624222118,3.6782608695652175,0.8602105514446071
61.93364454818273,4.2,1.658705624222118,3.6782608695652175,0.8602105514446071
61.954651550516836,4.2,1.658705624222118,3.6782608695652175,0.8602105514446071
61.97565855285095,4.2,1.658705624222118,3.6782608695652175,0.8602105514446071
61.996665555185054,4.2,1.658705624222118,3.6782608695652175,0.8602105514446071
62.01767255751916,4.2,1.658705624222118,3.6782608695652175,0.8602105514446071
62.03867955985328,4.2,1.658705624222118,3.6782608695652175,0.8602105514446071
62.05968656218739,4.2,1.658705624222118,3.6782608695652175,0.8602105514446071
62.0806935645215,4.2,1.658705624222118,3.6782608695652175,0.8602105514446071
62.10170056685561,4.2,1.658705624222118,3.6782608695652175,0.8602105514446071
62.12270756918973,4.2,1.658705624222118,3.6782608695652175,0.8602105514446071
62.14371457152384,4.2,1.658705624222118,3.6782608695652175,0.8602105514446071
62.16472157385795,4.2,1.658705624222118,3.6782608695652175,0.8602105514446071
62.185728576192055,4.2,1.658705624222118,3.6782608695652175,0.8602105514446071
62.206735578526164,4.2,1.658705624222118,3.6782608695652175,0.8602105514446071
62.22774258086028,4.2,1.658705624222118,3.6782608695652175,0.8602105514446071
62.24874958319439,4.2,1.658705624222118,3.6782608695652175,0.8602105514446071
62.269756585528505,4.2,1.658705624222118,3.6782608695652175,0.8602105514446071
62.290763587862614,4.2,1.658705624222118,3.6782608695652175,0.8602105514446071
62.31177059019673,4.2,1.658705624222118,3.6782608695652175,0.8602105514446071
62.33277759253084,4.2,1.658705624222118,3.6782608695652175,0.8602105514446071
62.353784594864955,4.2,1.658705624222118,3.6782608695652175,0.8602105514446071
62.37479159719906,4.2,1.658705624222118,3.6782608695652175,0.8602105514446071
62.395798599533165,4.2,1.658705624222118,3.6782608695652175,0.8602105514446071
62.41680560186728,4.2,1.658705624222118,3.6782608695652175,0.8602105514446071
62.43781260420139,4.2,1.658705624222118,3.6782608695652175,0.8602105514446071
62.458819606535506,4.2,1.658705624222118,3.6782608695652175,0.8602105514446071
62.479826608869615,4.2,1.658705624222118,3.6782608695652175,0.8602105514446071
62.50083361120373,4.2,1.658705624222118,3.6782608695652175,0.8602105514446071
62.52184061353784,4.2,1.658705624222118,3.6782608695652175,0.8602105514446071
62.542847615871956,4.2,1.658705624222118,3.6782608695652175,0.8602105514446071
62.56385461820606,4.2,1.658705624222118,3.6782608695652175,0.8602105514446071
62.58486162054017,4.2,1.658705624222118,3.6782608695652175,0.8602105514446071
62.60586862287428,4.2,1.658705624222118,3.6782608695652175,0.8602105514446071
62.62687562520839,4.2,1.658705624222118,3.6782608695652175,0.8602105514446071
62.64788262754251,4.2,1.658705624222118,3.6782608695652175,0.8602105514446071
62.66888962987662,4.2,1.658705624222118,3.6782608695652175,0.8602105514446071
62.68989663221073,4.2,1.658705624222118,3.6782608695652175,0.8602105514446071
62.71090363454485,4.2,1.658705624222118,3.6782608695652175,0.8602105514446071
62.73191063687896,4.2,1.658705624222118,3.6782608695652175,0.8602105514446071
62.752917639213074,4.2,1.658705624222118,3.6782608695652175,0.8602105514446071
62.77392464154717,4.2,1.658705624222118,3.6782608695652175,0.8602105514446071
62.794931643881284,4.2,1.658705624222118,3.6782608695652175,0.8602105514446071
62.8159386462154,4.2,1.658705624222118,3.6782608695652175,0.8602105514446071
62.83694564854951,4.2,1.658705624222118,3.6782608695652175,0.8602105514446071
62.857952650883625,4.2,1.658705624222118,3.6782608695652175,0.8602105514446071
62.878959653217734,4.2,1.658705624222118,3.6782608695652175,0.8602105514446071
62.89996665555185,4.2,1.658705624222118,3.6782608695652175,0.8602105514446071
62.92097365788596,4.2,1.658705624222118,3.6782608695652175,0.8602105514446071
62.941980660220075,4.2,1.658705624222118,3.6782608695652175,0.8602105514446071
62.96298766255418,4.2,1.658705624222118,3.6782608695652175,0.8602105514446071
62.983994664888286,4.2,1.658705624222118,3.6782608695652175,0.8602105514446071
63.0050016672224,4.2,1.658705624222118,3.6782608695652175,0.8602105514446071
63.02600866955651,4.2,1.658705624222118,3.6782608695652175,0.8602105514446071
63.04701567189063,4.2,1.658705624222118,3.6782608695652175,0.8602105514446071
63.068022674224736,4.2,1.658705624222118,3.6782608695652175,0.8602105514446071
63.08902967655885,4.2,1.658705624222118,3.6782608695652175,0.8602105514446071
63.11003667889296,4.2,1.658705624222118,3.6782608695652175,0.8602105514446071
63.13104368122708,4.2,1.658705624222118,3.6782608695652175,0.8602105514446071
63.15205068356118,4.2,1.658705624222118,3.6782608695652175,0.8602105514446071
63.17305768589529,4.2,1.658705624222118,3.6782608695652175,0.8602105514446071
63.1940646882294,4.2,1.658705624222118,3.6782608695652175,0.8602105514446071
63.21507169056351,4.2,1.658705624222118,3.6782608695652175,0.8602105514446071
63.23607869289763,4.2,1.658705624222118,3.6782608695652175,0.8602105514446071
63.25708569523174,4.2,1.658705624222118,3.6782608695652175,0.8602105514446071
63.27809269756585,4.2,1.658705624222118,3.6782608695652175,0.8602105514446071
63.29909969989996,4.2,1.658705624222118,3.6782608695652175,0.8602105514446071
63.32010670223408,4.2,1.658705624222118,3.6782608695652175,0.8602105514446071
63.34111370456818,4.2,1.658705624222118,3.6782608695652175,0.8602105514446071
63.36212070690229,4.2,1.658705624222118,3.6782608695652175,0.8602105514446071
63.383127709236405,4.2,1.658705624222118,3.6782608695652175,0.8602105514446071
63.404134711570514,4.2,1.658705624222118,3.6782608695652175,0.8602105514446071
63.42514171390463,4.2,1.658705624222118,3.6782608695652175,0.8602105514446071
63.44614871623874,4.2,1.658705624222118,3.6782608695652175,0.8602105514446071
63.467155718572855,4.2,1.658705624222118,3.6782608695652175,0.8602105514446071
63.48816272090696,4.2,1.658705624222118,3.6782608695652175,0.8602105514446071
63.50916972324108,4.2,1.658705624222118,3.6782608695652175,0.8602105514446071
63.53017672557518,4.2,1.658705624222118,3.6782608695652175,0.8602105514446071
63.55118372790929,4.2,1.658705624222118,3.6782608695652175,0.8602105514446071
63.572190730243406,4.2,1.658705624222118,3.6782608695652175,0.8602105514446071
63.593197732577515,4.2,1.658705624222118,3.6782608695652175,0.8602105514446071
63.61420473491163,4.2,1.658705624222118,3.6782608695652175,0.8602105514446071
63.63521173724574,4.2,1.658705624222118,3.6782608695652175,0.8602105514446071
63.656218739579856,4.2,1.658705624222118,3.6782608695652175,0.8602105514446071
63.67722574191397,4.2,1.658705624222118,3.6782608695652175,0.8602105514446071
63.69823274424808,4.2,1.658705624222118,3.6782608695652175,0.8602105514446071
63.71923974658218,4.2,1.658705624222118,3.6782608695652175,0.8602105514446071
63.74024674891629,4.2,1.658705624222118,3.6782608695652175,0.8602105514446071
63.76125375125041,4.2,1.658705624222118,3.6782608695652175,0.8602105514446071
63.782260753584524,4.2,1.658705624222118,3.6782608695652175,0.8602105514446071
63.80326775591863,4.2,1.658705624222118,3.6782608695652175,0.8602105514446071
63.82427475825275,4.2,1.658705624222118,3.6782608695652175,0.8602105514446071
63.84528176058686,4.2,1.658705624222118,3.6782608695652175,0.8602105514446071
63.86628876292097,4.2,1.658705624222118,3.6782608695652175,0.8602105514446071
63.88729576525508,4.2,1.658705624222118,3.6782608695652175,0.8602105514446071
63.908302767589184,4.2,1.658705624222118,3.6782608695652175,0.8602105514446071
63.9293097699233,4.2,1.658705624222118,3.6782608695652175,0.8602105514446071
63.95031677225741,4.2,1.658705624222118,3.6782608695652175,0.8602105514446071
63.971323774591525,4.2,1.658705624222118,3.6782608695652175,0.8602105514446071
63.992330776925634,4.2,1.658705624222118,3.6782608695652175,0.8602105514446071
64.01333777925974,4.2,1.658705624222118,3.6782608695652175,0.8602105514446071
64.03434478159386,4.2,1.658705624222118,3.6782608695652175,0.8602105514446071
64.05535178392797,4.2,1.658705624222118,3.6782608695652175,0.8602105514446071
64.07635878626209,4.2,1.658705624222118,3.6782608695652175,0.8602105514446071
64.09736578859619,4.2,1.658705624222118,3.6782608695652175,0.8602105514446071
64.1183727909303,4.2,1.658705624222118,3.6782608695652175,0.8602105514446071
64.13937979326441,4.2,1.658705624222118,3.6782608695652175,0.8602105514446071
64.16038679559853,4.2,1.658705624222118,3.6782608695652175,0.8602105514446071
64.18139379793264,4.2,1.658705624222118,3.6782608695652175,0.8602105514446071
64.20240080026674,4.2,1.658705624222118,3.6782608695652175,0.8602105514446071
64.22340780260086,4.2,1.658705624222118,3.6782608695652175,0.8602105514446071
64.24441480493498,4.2,1.658705624222118,3.6782608695652175,0.8602105514446071
64.26542180726909,4.2,1.658705624222118,3.6782608695652175,0.8602105514446071
64.2864288096032,4.2,1.658705624222118,3.6782608695652175,0.8602105514446071
64.3074358119373,4.2,1.658705624222118,3.6782608695652175,0.8602105514446071
64.32844281427141,4.2,1.658705624222118,3.6695652173913045,0.8619668018466966
64.34944981660553,4.2,1.658705624222118,3.6695652173913045,0.8619668018466966
64.37045681893964,4.2,1.658705624222118,3.6695652173913045,0.8619668018466966
64.39146382127375,4.2,1.658705624222118,3.6695652173913045,0.8619668018466966
64.41247082360786,4.2,1.658705624222118,3.6695652173913045,0.8619668018466966
64.43347782594198,4.2,1.658705624222118,3.6695652173913045,0.8619668018466966
64.4544848282761,4.2,1.658705624222118,3.6695652173913045,0.8619668018466966
64.47549183061021,4.2,1.658705624222118,3.6695652173913045,0.8619668018466966
64.4964988329443,4.2,1.658705624222118,3.6695652173913045,0.8619668018466966
64.51750583527841,4.2,1.658705624222118,3.6695652173913045,0.8619668018466966
64.53851283761253,4.2,1.658705624222118,3.6695652173913045,0.8619668018466966
64.55951983994665,4.2,1.658705624222118,3.6695652173913045,0.8619668018466966
64.58052684228075,4.2,1.658705624222118,3.6695652173913045,0.8619668018466966
64.60153384461486,4.2,1.658705624222118,3.6695652173913045,0.8619668018466966
64.62254084694898,4.2,1.658705624222118,3.6695652173913045,0.8619668018466966
64.6435478492831,4.2,1.658705624222118,3.6695652173913045,0.8619668018466966
64.66455485161721,4.2,1.658705624222118,3.6695652173913045,0.8619668018466966
64.6855618539513,4.2,1.658705624222118,3.6695652173913045,0.8619668018466966
64.70656885628541,4.2,1.658705624222118,3.6695652173913045,0.8619668018466966
64.72757585861953,4.2,1.658705624222118,3.6695652173913045,0.8619668018466966
64.74858286095365,4.2,1.658705624222118,3.6695652173913045,0.8619668018466966
64.76958986328776,4.2,1.658705624222118,3.6695652173913045,0.8619668018466966
64.79059686562186,4.2,1.658705624222118,3.6695652173913045,0.8619668018466966
64.81160386795598,4.2,1.658705624222118,3.6695652173913045,0.8619668018466966
64.8326108702901,4.2,1.658705624222118,3.6695652173913045,0.8619668018466966
64.85361787262421,4.2,1.658705624222118,3.6695652173913045,0.8619668018466966
64.8746248749583,4.2,1.658705624222118,3.6695652173913045,0.8619668018466966
64.89563187729242,4.2,1.658705624222118,3.6695652173913045,0.8619668018466966
64.91663887962653,4.2,1.658705624222118,3.6695652173913045,0.8619668018466966
64.93764588196065,4.2,1.658705624222118,3.6695652173913045,0.8619668018466966
64.95865288429476,4.2,1.658705624222118,3.6695652173913045,0.8619668018466966
64.97965988662887,4.2,1.658705624222118,3.6695652173913045,0.8619668018466966
65.00066688896298,4.2,1.658705624222118,3.6695652173913045,0.8619668018466966
65.0216738912971,4.2,1.658705624222118,3.6695652173913045,0.8619668018466966
65.04268089363121,4.2,1.658705624222118,3.6695652173913045,0.8619668018466966
65.06368789596532,4.2,1.658705624222118,3.6695652173913045,0.8619668018466966
65.08469489829942,4.2,1.658705624222118,3.6695652173913045,0.8619668018466966
65.10570190063353,4.2,1.658705624222118,3.6695652173913045,0.8619668018466966
65.12670890296765,4.2,1.658705624222118,3.6695652173913045,0.8619668018466966
65.14771590530177,4.2,1.658705624222118,3.6695652173913045,0.8619668018466966
65.16872290763587,4.2,1.658705624222118,3.6695652173913045,0.8619668018466966
65.18972990996998,4.2,1.658705624222118,3.6695652173913045,0.8619668018466966
65.2107369123041,4.2,1.658705624222118,3.6695652173913045,0.8619668018466966
65.23174391463822,4.2,1.658705624222118,3.6695652173913045,0.8619668018466966
65.25275091697232,4.2,1.658705624222118,3.6695652173913045,0.8619668018466966
65.27375791930642,4.2,1.658705624222118,3.6695652173913045,0.8619668018466966
65.29476492164054,4.2,1.658705624222118,3.6695652173913045,0.8619668018466966
65.31577192397465,4.2,1.658705624222118,3.6695652173913045,0.8619668018466966
65.33677892630877,4.2,1.658705624222118,3.6695652173913045,0.8619668018466966
65.35778592864287,4.2,1.658705624222118,3.6695652173913045,0.8619668018466966
65.37879293097699,4.2,1.658705624222118,3.6695652173913045,0.8619668018466966
65.3997999333111,4.2,1.658705624222118,3.6695652173913045,0.8619668018466966
65.42080693564522,4.2,1.658705624222118,3.6695652173913045,0.8619668018466966
65.44181393797933,4.2,1.658705624222118,3.6695652173913045,0.8619668018466966
65.46282094031342,4.2,1.658705624222118,3.6695652173913045,0.8619668018466966
65.48382794264754,4.2,1.658705624222118,3.6695652173913045,0.8619668018466966
65.50483494498165,4.2,1.658705624222118,3.6695652173913045,0.8619668018466966
65.52584194731577,4.2,1.658705624222118,3.6695652173913045,0.8619668018466966
65.54684894964987,4.2,1.658705624222118,3.6695652173913045,0.8619668018466966
65.56785595198399,4.2,1.658705624222118,3.6695652173913045,0.8619668018466966
65.5888629543181,4.2,1.658705624222118,3.6695652173913045,0.8619668018466966
65.60986995665222,4.2,1.658705624222118,3.6695652173913045,0.8619668018466966
65.63087695898633,4.2,1.658705624222118,3.6695652173913045,0.8619668018466966
65.65188396132042,4.2,1.658705624222118,3.6695652173913045,0.8619668018466966
65.67289096365454,4.2,1.658705624222118,3.6695652173913045,0.8619668018466966
65.69389796598865,4.2,1.658705624222118,3.6695652173913045,0.8619668018466966
65.71490496832277,4.2,1.658705624222118,3.6695652173913045,0.8619668018466966
65.73591197065689,4.2,1.658705624222118,3.6695652173913045,0.8619668018466966
65.75691897299099,4.2,1.658705624222118,3.6695652173913045,0.8619668018466966
65.7779259753251,4.2,1.658705624222118,3.6695652173913045,0.8619668018466966
65.79893297765922,4.2,1.658705624222118,3.6608695652173915,0.822371507306914
65.81993997999334,4.2,1.658705624222118,3.643478260869565,0.7933561549883159
65.84094698232744,4.2,1.658705624222118,3.643478260869565,0.7933561549883159
65.86195398466154,4.2,1.658705624222118,3.643478260869565,0.7933561549883159
65.88296098699566,4.2,1.658705624222118,3.643478260869565,0.7933561549883159
65.90396798932977,4.2,1.658705624222118,3.643478260869565,0.7933561549883159
65.92497499166389,4.2,1.658705624222118,3.643478260869565,0.7933561549883159
65.94598199399799,4.2,1.658705624222118,3.643478260869565,0.7933561549883159
65.9669889963321,4.2,1.658705624222118,3.643478260869565,0.7933561549883159
65.98799599866622,4.2,1.658705624222118,3.634782608695652,0.7948796439670566
66.00900300100034,4.2,1.658705624222118,3.634782608695652,0.7948796439670566
66.03001000333444,4.2,1.658705624222118,3.634782608695652,0.7948796439670566
66.05101700566854,4.2,1.658705624222118,3.634782608695652,0.7948796439670566
66.07202400800266,4.2,1.658705624222118,3.634782608695652,0.7948796439670566
66.09303101033677,4.2,1.658705624222118,3.634782608695652,0.7948796439670566
66.11403801267089,4.2,1.658705624222118,3.634782608695652,0.7948796439670566
66.13504501500499,4.2,1.658705624222118,3.634782608695652,0.7948796439670566
66.1560520173391,4.2,1.658705624222118,3.634782608695652,0.7948796439670566
66.17705901967322,4.2,1.658705624222118,3.634782608695652,0.7948796439670566
66.19806602200734,4.2,1.658705624222118,3.634782608695652,0.7948796439670566
66.21907302434144,4.2,1.658705624222118,3.634782608695652,0.7948796439670566
66.24008002667554,4.2,1.658705624222118,3.634782608695652,0.7948796439670566
66.26108702900966,4.2,1.658705624222118,3.634782608695652,0.7948796439670566
66.28209403134377,4.2,1.658705624222118,3.626086956521739,0.7853093499043923
66.30310103367789,4.2,1.658705624222118,3.626086956521739,0.7853093499043923
66.32410803601199,4.2,1.658705624222118,3.626086956521739,0.7853093499043923
66.34511503834611,4.2,1.658705624222118,3.626086956521739,0.7853093499043923
66.36612204068022,4.2,1.658705624222118,3.617391304347826,0.7866562002016447
66.38712904301434,4.2,1.658705624222118,3.617391304347826,0.7866562002016447
66.40813604534844,4.2,1.658705624222118,3.617391304347826,0.7866562002016447
66.42914304768254,4.2,1.658705624222118,3.617391304347826,0.7866562002016447
66.45015005001666,4.2,1.658705624222118,3.617391304347826,0.7866562002016447
66.47115705235078,4.2,1.658705624222118,3.617391304347826,0.7866562002016447
66.49216405468489,4.2,1.658705624222118,3.617391304347826,0.7866562002016447
66.513171057019,4.2,1.658705624222118,3.617391304347826,0.7866562002016447
66.53417805935311,4.2,1.658705624222118,3.617391304347826,0.7866562002016447
66.55518506168723,4.2,1.658705624222118,3.617391304347826,0.7866562002016447
66.57619206402134,4.2,1.658705624222118,3.617391304347826,0.7866562002016447
66.59719906635544,4.2,1.658705624222118,3.617391304347826,0.7866562002016447
66.61820606868955,4.2,1.658705624222118,3.617391304347826,0.7866562002016447
66.63921307102366,4.2,1.658705624222118,3.617391304347826,0.7866562002016447
66.66022007335778,4.2,1.658705624222118,3.608695652173913,0.7879047853964727
66.6812270756919,4.2,1.658705624222118,3.608695652173913,0.7879047853964727
66.70223407802601,4.2,1.658705624222118,3.608695652173913,0.7879047853964727
66.72324108036011,4.2,1.658705624222118,3.608695652173913,0.7879047853964727
66.74424808269423,4.2,1.658705624222118,3.608695652173913,0.7879047853964727
66.76525508502834,4.2,1.658705624222118,3.6,0.7890555719670026
66.78626208736246,4.2,1.658705624222118,3.6,0.7890555719670026
66.80726908969656,4.2,1.658705624222118,3.6,0.7890555719670026
66.82827609203066,4.2,1.658705624222118,3.6,0.7890555719670026
66.84928309436478,4.2,1.658705624222118,3.6,0.7890555719670026
66.8702900966989,4.2,1.658705624222118,3.6,0.7890555719670026
66.89129709903301,4.2,1.658705624222118,3.6,0.7890555719670026
66.91230410136711,4.2,1.658705624222118,3.6,0.7890555719670026
66.93331110370123,4.2,1.658705624222118,3.6,0.7890555719670026
66.95431810603534,4.2,1.658705624222118,3.6,0.7890555719670026
66.97532510836946,4.2,1.658705624222118,3.6,0.7890555719670026
66.99633211070356,4.2,1.658705624222118,3.6,0.7890555719670026
67.01733911303766,4.2,1.658705624222118,3.6,0.7890555719670026
67.03834611537178,4.2,1.658705624222118,3.6,0.7890555719670026
67.0593531177059,4.2,1.658705624222118,3.6,0.7890555719670026
67.08036012004001,4.2,1.658705624222118,3.6,0.7890555719670026
67.10136712237411,4.2,1.658705624222118,3.6,0.7890555719670026
67.12237412470823,4.2,1.658705624222118,3.591304347826087,0.8010390228122803
67.14338112704235,4.2,1.658705624222118,3.582608695652174,0.7799956376204898
67.16438812937646,4.2,1.658705624222118,3.582608695652174,0.7799956376204898
67.18539513171056,4.2,1.658705624222118,3.5652173913043477,0.7590661858363548
67.20640213404467,4.2,1.658705624222118,3.5652173913043477,0.7590661858363548
67.22740913637878,4.2,1.658705624222118,3.5652173913043477,0.7590661858363548
67.2484161387129,4.2,1.658705624222118,3.5652173913043477,0.7590661858363548
67.26942314104701,4.2,1.658705624222118,3.5565217391304347,0.7711234531267953
67.29043014338112,4.2,1.658705624222118,3.5565217391304347,0.7711234531267953
67.31143714571523,4.2,1.658705624222118,3.5565217391304347,0.7711234531267953
67.33244414804935,4.2,1.658705624222118,3.5478260869565217,0.7717115732985664
67.35345115038346,4.2,1.658705624222118,3.5304347826086957,0.7947845114619028
67.37445815271757,4.2,1.658705624222118,3.5304347826086957,0.7947845114619028
67.39546515505167,4.2,1.658705624222118,3.5304347826086957,0.7947845114619028
67.41647215738578,4.2,1.658705624222118,3.5217391304347827,0.8059326337901572
67.4374791597199,4.2,1.658705624222118,3.5217391304347827,0.8059326337901572
67.45848616205402,4.2,1.658705624222118,3.5217391304347827,0.8059326337901572
67.47949316438812,4.2,1.658705624222118,3.5130434782608697,0.8168360741438175
67.50050016672223,4.2,1.658705624222118,3.4869565217391303,0.8378566588136283
67.52150716905635,4.2,1.658705624222118,3.4869565217391303,0.8378566588136283
67.54251417139047,4.2,1.658705624222118,3.4782608695652173,0.8479932945485146
67.56352117372457,4.2,1.658705624222118,3.4782608695652173,0.8479932945485146
67.58452817605867,4.2,1.658705624222118,3.4695652173913043,0.857922051090128
67.60553517839278,4.2,1.658705624222118,3.4608695652173913,0.8575694320653311
67.6265421807269,4.2,1.658705624222118,3.4521739130434783,0.8571284542853291
67.64754918306102,4.2,1.658705624222118,3.4434782608695653,0.8565989812886783
67.66855618539513,4.2,1.658705624222118,3.4260869565217393,0.8753719166380444
67.68956318772923,4.2,1.658705624222118,3.4260869565217393,0.8753719166380444
67.71057019006335,4.2,1.658705624222118,3.4260869565217393,0.8753719166380444
67.73157719239747,4.2,1.658705624222118,3.417391304347826,0.8844807732140113
67.75258419473157,4.2,1.658705624222118,3.417391304347826,0.8844807732140113
67.77359119706568,4.2,1.658705624222118,3.408695652173913,0.8836254584667995
67.79459819939979,4.2,1.658705624222118,3.391304347826087,0.9011649675152429
67.8156052017339,4.2,1.658705624222118,3.365217391304348,0.8976339409087958
67.83661220406802,4.2,1.658705624222118,3.356521739130435,0.9059350619574958
67.85761920640213,4.2,1.658705624222118,3.356521739130435,0.9059350619574958
67.87862620873624,4.2,1.658705624222118,3.3391304347826085,0.9220672098651522
67.89963321107035,4.2,1.658705624222118,3.3217391304347825,0.9282786883535665
67.92064021340447,4.2,1.658705624222118,3.3043478260869565,0.9433880942689056
67.94164721573857,4.2,1.658705624222118,3.3043478260869565,0.9433880942689056
67.96265421807269,4.2,1.658705624222118,3.3043478260869565,0.9433880942689056
67.98366122040679,4.2,1.658705624222118,3.2956521739130435,0.9507334746849817
68.0046682227409,4.2,1.658705624222118,3.2695652173913046,0.9539094764310462
68.02567522507502,4.2,1.658705624222118,3.260869565217391,0.9608597284564362
68.04668222740914,4.2,1.658705624222118,3.260869565217391,0.9608597284564362
68.06768922974324,4.2,1.658705624222118,3.252173913043478,0.9586537504399145
68.08869623207735,4.2,1.658705624222118,3.217391304347826,0.9760845356801586
68.10970323441147,4.2,1.658705624222118,3.2,0.9886310253819806
68.13071023674559,4.2,1.658705624222118,3.1565217391304348,1.0007936359216736
68.15171723907969,4.2,1.658705624222118,3.1478260869565218,0.9801816891103897
68.17272424141379,4.2,1.658705624222118,3.139130434782609,0.985873759638266
68.1937312437479,4.2,1.658705624222118,3.130434782608696,0.9914568913905546
68.21473824608202,4.2,1.658705624222118,3.1043478260869564,0.9901595220049207
68.23574524841614,4.2,1.658705624222118,3.0782608695652174,0.9793327461079018
68.25675225075024,4.2,1.658705624222118,3.0521739130434784,0.967681929964769
68.27775925308435,4.2,1.658705624222118,3.026086956521739,0.9551769202405921
68.29876625541847,4.2,1.658705624222118,3.017391304347826,0.9599149300682138
68.31977325775259,4.2,1.658705624222118,3.0,0.9600724610334277
68.3407802600867,4.2,1.658705624222118,2.982608695652174,0.9416231009656739
68.3617872624208,4.2,1.658705624222118,2.973913043478261,0.9367925812391186
68.3827942647549,4.2,1.658705624222118,2.965217391304348,0.9224771450696237
68.40380126708902,4.2,1.658705624222118,2.9565217391304346,0.9268113109199464
68.42480826942314,4.2,1.658705624222118,2.9565217391304346,0.9268113109199464
68.44581527175724,4.2,1.658705624222118,2.9565217391304346,0.9268113109199464
68.46682227409136,4.2,1.658705624222118,2.9304347826086956,0.9110122333014814
68.48782927642547,4.2,1.658705624222118,2.9043478260869566,0.8843952789628605
68.50883627875959,4.2,1.658705624222118,2.8956521739130436,0.8784760821121427
68.5298432810937,4.2,1.658705624222118,2.878260869565217,0.8861035967204868
68.5508502834278,4.2,1.658705624222118,2.8521739130434782,0.8771840148117213
68.57185728576191,4.2,1.658705624222118,2.8521739130434782,0.8771840148117213
68.59286428809602,4.2,1.658705624222118,2.8521739130434782,0.8771840148117213
68.61387129043014,4.2,1.658705624222118,2.8347826086956522,0.8740752607394132
68.63487829276426,4.2,1.658705624222118,2.8260869565217392,0.8573048726167818
68.65588529509836,4.2,1.658705624222118,2.8,0.8464760712095971
68.67689229743247,4.2,1.658705624222118,2.782608695652174,0.8317881073786516
68.69789929976659,4.2,1.658705624222118,2.765217391304348,0.8270474964817153
68.7189063021007,4.2,1.658705624222118,2.756521739130435,0.8192393539696612
68.73991330443481,4.2,1.658705624222118,2.747826086956522,0.8219116451072759
68.76092030676891,4.2,1.658705624222118,2.7304347826086954,0.8163730938458148
68.78192730910303,4.2,1.658705624222118,2.7304347826086954,0.8163730938458148
68.80293431143714,4.2,1.658705624222118,2.7217391304347824,0.8187777326144935
68.82394131377126,4.2,1.658705624222118,2.7217391304347824,0.8187777326144935
68.84494831610536,4.2,1.658705624222118,2.7217391304347824,0.8187777326144935
68.86595531843948,4.2,1.658705624222118,2.7217391304347824,0.8187777326144935
68.88696232077359,4.2,1.658705624222118,2.7130434782608694,0.8104235864126788
68.90796932310771,4.2,1.658705624222118,2.7130434782608694,0.8104235864126788
68.92897632544181,4.2,1.658705624222118,2.7043478260869565,0.8126597559969444
68.94998332777591,4.2,1.658705624222118,2.7043478260869565,0.8126597559969444
68.97099033011003,4.2,1.658705624222118,2.6869565217391305,0.8168360741438176
68.99199733244414,4.2,1.658705624222118,2.6782608695652175,0.8080876629905352
69.01300433477826,4.2,1.658705624222118,2.6782608695652175,0.8080876629905352
69.03401133711236,4.2,1.658705624222118,2.652173913043478,0.7806739369552501
69.05501833944648,4.2,1.658705624222118,2.652173913043478,0.7806739369552501
69.07602534178059,4.2,1.658705624222118,2.643478260869565,0.7823187868829552
69.09703234411471,4.2,1.658705624222118,2.617391304347826,0.741122634875218
69.11803934644881,4.2,1.658705624222118,2.617391304347826,0.741122634875218
69.13904634878291,4.2,1.658705624222118,2.617391304347826,0.741122634875218
69.16005335111703,4.2,1.658705624222118,2.617391304347826,0.741122634875218
69.18106035345114,4.2,1.658705624222118,2.608695652173913,0.7306417926121742
69.20206735578526,4.2,1.658705624222118,2.608695652173913,0.7306417926121742
69.22307435811936,4.2,1.658705624222118,2.6,0.7318826230435065
69.24408136045348,4.2,1.658705624222118,2.6,0.7318826230435065
69.2650883627876,4.2,1.658705624222118,2.591304347826087,0.7330182057637425
69.28609536512171,4.2,1.658705624222118,2.582608695652174,0.7340490292314881
69.30710236745583,4.2,1.658705624222118,2.5565217391304347,0.7002025091894745
69.32810936978993,4.2,1.658705624222118,2.5565217391304347,0.7002025091894745
69.34911637212403,4.2,1.658705624222118,2.5565217391304347,0.7002025091894745
69.37012337445815,4.2,1.658705624222118,2.5565217391304347,0.7002025091894745
69.39113037679226,4.2,1.658705624222118,2.5478260869565217,0.700850145377735
69.41213737912636,4.2,1.658705624222118,2.5478260869565217,0.700850145377735
69.43314438146048,4.2,1.658705624222118,2.5478260869565217,0.700850145377735
69.4541513837946,4.2,1.658705624222118,2.5391304347826087,0.7013893853939402
69.47515838612871,4.2,1.658705624222118,2.5391304347826087,0.7013893853939402
69.49616538846283,4.2,1.658705624222118,2.5391304347826087,0.7013893853939402
69.51717239079693,4.2,1.658705624222118,2.5391304347826087,0.7013893853939402
69.53817939313103,4.2,1.658705624222118,2.5217391304347827,0.6896480020486383
69.55918639546515,4.2,1.658705624222118,2.5217391304347827,0.6896480020486383
69.58019339779926,4.2,1.658705624222118,2.5217391304347827,0.6896480020486383
69.60120040013338,4.2,1.658705624222118,2.5217391304347827,0.6896480020486383
69.62220740246748,4.2,1.658705624222118,2.5043478260869567,0.6642931914707575
69.6432144048016,4.2,1.658705624222118,2.5043478260869567,0.6642931914707575
69.66422140713571,4.2,1.658705624222118,2.4869565217391303,0.6509553833813183
69.68522840946983,4.2,1.658705624222118,2.4869565217391303,0.6509553833813183
69.70623541180393,4.2,1.658705624222118,2.4869565217391303,0.6509553833813183
69.72724241413803,4.2,1.658705624222118,2.4869565217391303,0.6509553833813183
69.74824941647215,4.2,1.658705624222118,2.4869565217391303,0.6509553833813183
69.76925641880626,4.2,1.658705624222118,2.4869565217391303,0.6509553833813183
69.79026342114038,4.2,1.658705624222118,2.4869565217391303,0.6509553833813183
69.81127042347448,4.2,1.658705624222118,2.4869565217391303,0.6509553833813183
69.8322774258086,4.2,1.658705624222118,2.4869565217391303,0.6509553833813183
69.85328442814271,4.2,1.658705624222118,2.4869565217391303,0.6509553833813183
69.87429143047683,4.2,1.658705624222118,2.4869565217391303,0.6509553833813183
69.89529843281093,4.2,1.658705624222118,2.4869565217391303,0.6509553833813183
69.91630543514503,4.2,1.658705624222118,2.4869565217391303,0.6509553833813183
69.93731243747915,4.2,1.658705624222118,2.4869565217391303,0.6509553833813183
69.95831943981327,4.2,1.658705624222118,2.4869565217391303,0.6509553833813183
69.97932644214738,4.2,1.658705624222118,2.4869565217391303,0.6509553833813183
70.00033344448148,4.2,1.658705624222118,2.4869565217391303,0.6509553833813183
70.0213404468156,4.2,1.658705624222118,2.4869565217391303,0.6509553833813183
70.04234744914972,4.2,1.658705624222118,2.4869565217391303,0.6509553833813183
70.06335445148383,4.2,1.658705624222118,2.4869565217391303,0.6509553833813183
70.08436145381793,4.2,1.658705624222118,2.4869565217391303,0.6509553833813183
70.10536845615204,4.2,1.658705624222118,2.4869565217391303,0.6509553833813183
70.12637545848615,4.2,1.658705624222118,2.4869565217391303,0.6509553833813183
70.14738246082027,4.2,1.658705624222118,2.4869565217391303,0.6509553833813183
70.16838946315438,4.2,1.658705624222118,2.4869565217391303,0.6509553833813183
70.18939646548849,4.2,1.658705624222118,2.4869565217391303,0.6509553833813183
70.2104034678226,4.2,1.658705624222118,2.4869565217391303,0.6509553833813183
70.23141047015672,4.2,1.658705624222118,2.4869565217391303,0.6509553833813183
70.25241747249083,4.2,1.658705624222118,2.4869565217391303,0.6509553833813183
70.27342447482495,4.2,1.658705624222118,2.4869565217391303,0.6509553833813183
70.29443147715904,4.2,1.658705624222118,2.4869565217391303,0.6509553833813183
70.31543847949315,4.2,1.658705624222118,2.4869565217391303,0.6509553833813183
70.33644548182727,4.2,1.658705624222118,2.4869565217391303,0.6509553833813183
70.35745248416139,4.2,1.658705624222118,2.4869565217391303,0.6509553833813183
70.3784594864955,4.2,1.658705624222118,2.4869565217391303,0.6509553833813183
70.3994664888296,4.2,1.658705624222118,2.4869565217391303,0.6509553833813183
70.42047349116372,4.2,1.658705624222118,2.4869565217391303,0.6509553833813183
70.44148049349783,4.2,1.658705624222118,2.4869565217391303,0.6509553833813183
70.46248749583195,4.2,1.658705624222118,2.4869565217391303,0.6509553833813183
70.48349449816605,4.2,1.658705624222118,2.4869565217391303,0.6509553833813183
70.50450150050015,4.2,1.658705624222118,2.4869565217391303,0.6509553833813183
70.52550850283427,4.2,1.658705624222118,2.4869565217391303,0.6509553833813183
70.54651550516839,4.2,1.658705624222118,2.4869565217391303,0.6509553833813183
70.5675225075025,4.2,1.658705624222118,2.4869565217391303,0.6509553833813183
70.5885295098366,4.2,1.658705624222118,2.4869565217391303,0.6509553833813183
70.60953651217072,4.2,1.658705624222118,2.4869565217391303,0.6509553833813183
70.63054351450484,4.2,1.658705624222118,2.4869565217391303,0.6509553833813183
70.65155051683895,4.2,1.658705624222118,2.4869565217391303,0.6509553833813183
70.67255751917305,4.2,1.658705624222118,2.4869565217391303,0.6509553833813183
70.69356452150716,4.2,1.658705624222118,2.4869565217391303,0.6509553833813183
70.71457152384127,4.2,1.658705624222118,2.4869565217391303,0.6509553833813183
70.73557852617539,4.2,1.658705624222118,2.4869565217391303,0.6509553833813183
70.7565855285095,4.2,1.658705624222118,2.4869565217391303,0.6509553833813183
70.7775925308436,4.2,1.658705624222118,2.4869565217391303,0.6509553833813183
70.79859953317772,4.2,1.658705624222118,2.4869565217391303,0.6509553833813183
70.81960653551184,4.2,1.658705624222118,2.4869565217391303,0.6509553833813183
70.84061353784595,4.2,1.658705624222118,2.4869565217391303,0.6509553833813183
70.86162054018006,4.2,1.658705624222118,2.4869565217391303,0.6509553833813183
70.88262754251416,4.2,1.658705624222118,2.4869565217391303,0.6509553833813183
70.90363454484827,4.2,1.658705624222118,2.4869565217391303,0.6509553833813183
70.92464154718239,4.2,1.658705624222118,2.4869565217391303,0.6509553833813183
70.9456485495165,4.2,1.658705624222118,2.4869565217391303,0.6509553833813183
70.96665555185061,4.2,1.658705624222118,2.4869565217391303,0.6509553833813183
70.98766255418472,4.2,1.658705624222118,2.4869565217391303,0.6509553833813183
71.00866955651884,4.2,1.658705624222118,2.4869565217391303,0.6509553833813183
71.02967655885296,4.2,1.658705624222118,2.4869565217391303,0.6509553833813183
71.05068356118706,4.2,1.658705624222118,2.4869565217391303,0.6509553833813183
71.07169056352116,4.2,1.658705624222118,2.4869565217391303,0.6509553833813183
71.09269756585527,4.2,1.658705624222118,2.4869565217391303,0.6509553833813183
71.11370456818939,4.2,1.658705624222118,2.4869565217391303,0.6509553833813183
71.1347115705235,4.2,1.658705624222118,2.4869565217391303,0.6509553833813183
71.15571857285761,4.2,1.658705624222118,2.4869565217391303,0.6509553833813183
71.17672557519172,4.2,1.658705624222118,2.4869565217391303,0.6509553833813183
71.19773257752584,4.2,1.658705624222118,2.4869565217391303,0.6509553833813183
71.21873957985996,4.2,1.658705624222118,2.4869565217391303,0.6509553833813183
71.23974658219407,4.2,1.658705624222118,2.4869565217391303,0.6509553833813183
71.26075358452816,4.2,1.658705624222118,2.4869565217391303,0.6509553833813183
71.28176058686228,4.2,1.658705624222118,2.4869565217391303,0.6509553833813183
71.30276758919639,4.2,1.658705624222118,2.4869565217391303,0.6509553833813183
71.32377459153051,4.2,1.658705624222118,2.4869565217391303,0.6509553833813183
71.34478159386462,4.2,1.658705624222118,2.4869565217391303,0.6509553833813183
71.36578859619873,4.2,1.658705624222118,2.4869565217391303,0.6509553833813183
71.38679559853284,4.2,1.658705624222118,2.4869565217391303,0.6509553833813183
71.40780260086696,4.2,1.658705624222118,2.4869565217391303,0.6509553833813183
71.42880960320107,4.2,1.658705624222118,2.4869565217391303,0.6509553833813183
71.44981660553516,4.2,1.658705624222118,2.4869565217391303,0.6509553833813183
71.47082360786928,4.2,1.658705624222118,2.4869565217391303,0.6509553833813183
71.4918306102034,4.2,1.658705624222118,2.4869565217391303,0.6509553833813183
71.51283761253751,4.2,1.658705624222118,2.4869565217391303,0.6509553833813183
71.53384461487163,4.2,1.658705624222118,2.4869565217391303,0.6509553833813183
71.55485161720573,4.2,1.658705624222118,2.4869565217391303,0.6509553833813183
71.57585861953984,4.2,1.658705624222118,2.4869565217391303,0.6509553833813183
71.59686562187396,4.2,1.658705624222118,2.4869565217391303,0.6509553833813183
71.61787262420808,4.2,1.658705624222118,2.4869565217391303,0.6509553833813183
71.63887962654218,4.2,1.658705624222118,2.4869565217391303,0.6509553833813183
71.65988662887628,4.2,1.658705624222118,2.4869565217391303,0.6509553833813183
71.6808936312104,4.2,1.658705624222118,2.4869565217391303,0.6509553833813183
71.70190063354451,4.2,1.658705624222118,2.4869565217391303,0.6509553833813183
71.72290763587863,4.2,1.658705624222118,2.4869565217391303,0.6509553833813183
71.74391463821273,4.2,1.658705624222118,2.4869565217391303,0.6509553833813183
71.76492164054685,4.2,1.658705624222118,2.4869565217391303,0.6509553833813183
71.78592864288096,4.2,1.658705624222118,2.4869565217391303,0.6509553833813183
71.80693564521508,4.2,1.658705624222118,2.4869565217391303,0.6509553833813183
71.82794264754918,4.2,1.658705624222118,2.4869565217391303,0.6509553833813183
71.84894964988328,4.2,1.658705624222118,2.4869565217391303,0.6509553833813183
71.8699566522174,4.2,1.658705624222118,2.4869565217391303,0.6509553833813183
71.89096365455151,4.2,1.658705624222118,2.4869565217391303,0.6509553833813183
71.91197065688563,4.2,1.658705624222118,2.4869565217391303,0.6509553833813183
71.93297765921973,4.2,1.658705624222118,2.4869565217391303,0.6509553833813183
71.95398466155385,4.2,1.658705624222118,2.4869565217391303,0.6509553833813183
71.97499166388796,4.2,1.658705624222118,2.4869565217391303,0.6509553833813183
71.99599866622208,4.2,1.658705624222118,2.4869565217391303,0.6509553833813183
72.01700566855618,4.2,1.658705624222118,2.4869565217391303,0.6509553833813183
72.03801267089028,4.2,1.658705624222118,2.4869565217391303,0.6509553833813183
72.0590196732244,4.2,1.658705624222118,2.4869565217391303,0.6509553833813183
72.08002667555851,4.2,1.658705624222118,2.4869565217391303,0.6509553833813183
72.10103367789263,4.2,1.658705624222118,2.4869565217391303,0.6509553833813183
72.12204068022673,4.2,1.658705624222118,2.4869565217391303,0.6509553833813183
72.14304768256085,4.2,1.658705624222118,2.4869565217391303,0.6509553833813183
72.16405468489496,4.2,1.658705624222118,2.4869565217391303,0.6509553833813183
72.18506168722908,4.2,1.658705624222118,2.4869565217391303,0.6509553833813183
72.2060686895632,4.2,1.658705624222118,2.4869565217391303,0.6509553833813183
72.22707569189728,4.2,1.658705624222118,2.4869565217391303,0.6509553833813183
72.2480826942314,4.2,1.658705624222118,2.4869565217391303,0.6509553833813183
72.26908969656552,4.2,1.658705624222118,2.4869565217391303,0.6509553833813183
72.29009669889963,4.2,1.658705624222118,2.4869565217391303,0.6509553833813183
72.31110370123375,4.2,1.658705624222118,2.4869565217391303,0.6509553833813183
72.33211070356785,4.2,1.658705624222118,2.4869565217391303,0.6509553833813183
72.35311770590197,4.2,1.658705624222118,2.4869565217391303,0.6509553833813183
72.37412470823608,4.2,1.658705624222118,2.4869565217391303,0.6509553833813183
72.3951317105702,4.2,1.658705624222118,2.4869565217391303,0.6509553833813183
72.41613871290429,4.2,1.658705624222118,2.4869565217391303,0.6509553833813183
72.4371457152384,4.2,1.658705624222118,2.4869565217391303,0.6509553833813183
72.45815271757252,4.2,1.658705624222118,2.4869565217391303,0.6509553833813183
72.47915971990663,4.2,1.658705624222118,2.4869565217391303,0.6509553833813183
72.50016672224075,4.2,1.658705624222118,2.4869565217391303,0.6509553833813183
72.52117372457485,4.2,1.658705624222118,2.4869565217391303,0.6509553833813183
72.54218072690897,4.2,1.658705624222118,2.4869565217391303,0.6509553833813183
72.56318772924308,4.2,1.658705624222118,2.4869565217391303,0.6509553833813183
72.5841947315772,4.2,1.658705624222118,2.4869565217391303,0.6509553833813183
72.6052017339113,4.2,1.658705624222118,2.4869565217391303,0.6509553833813183
72.6262087362454,4.2,1.658705624222118,2.4869565217391303,0.6509553833813183
72.64721573857952,4.2,1.658705624222118,2.4869565217391303,0.6509553833813183
72.66822274091363,4.2,1.658705624222118,2.4869565217391303,0.6509553833813183
72.68922974324775,4.2,1.658705624222118,2.4869565217391303,0.6509553833813183
72.71023674558185,4.2,1.658705624222118,2.4869565217391303,0.6509553833813183
72.73124374791597,4.2,1.658705624222118,2.4869565217391303,0.6509553833813183
72.75225075025008,4.2,1.658705624222118,2.4869565217391303,0.6509553833813183
72.7732577525842,4.2,1.658705624222118,2.4869565217391303,0.6509553833813183
72.7942647549183,4.2,1.658705624222118,2.4869565217391303,0.6509553833813183
72.8152717572524,4.2,1.658705624222118,2.4869565217391303,0.6509553833813183
72.83627875958652,4.2,1.658705624222118,2.4869565217391303,0.6509553833813183
72.85728576192064,4.2,1.658705624222118,2.4869565217391303,0.6509553833813183
72.87829276425475,4.2,1.658705624222118,2.4869565217391303,0.6509553833813183
72.89929976658885,4.2,1.658705624222118,2.4869565217391303,0.6509553833813183
72.92030676892297,4.2,1.658705624222118,2.4869565217391303,0.6509553833813183
72.94131377125709,4.2,1.658705624222118,2.4869565217391303,0.6509553833813183
72.9623207735912,4.2,1.658705624222118,2.4869565217391303,0.6509553833813183
72.9833277759253,4.2,1.658705624222118,2.4869565217391303,0.6509553833813183
73.0043347782594,4.2,1.658705624222118,2.4869565217391303,0.6509553833813183
73.02534178059352,4.2,1.658705624222118,2.4869565217391303,0.6509553833813183
73.04634878292764,4.2,1.658705624222118,2.4869565217391303,0.6509553833813183
73.06735578526175,4.2,1.658705624222118,2.4869565217391303,0.6509553833813183
73.08836278759586,4.2,1.658705624222118,2.4869565217391303,0.6509553833813183
73.10936978992997,4.2,1.658705624222118,2.4869565217391303,0.6509553833813183
73.13037679226409,4.2,1.658705624222118,2.4869565217391303,0.6509553833813183
73.1513837945982,4.2,1.658705624222118,2.4869565217391303,0.6509553833813183
73.17239079693232,4.2,1.658705624222118,2.4869565217391303,0.6509553833813183
73.1933977992664,4.2,1.658705624222118,2.4869565217391303,0.6509553833813183
73.21440480160052,4.2,1.658705624222118,2.4869565217391303,0.6509553833813183
73.23541180393464,4.2,1.658705624222118,2.4869565217391303,0.6509553833813183
73.25641880626875,4.2,1.658705624222118,2.4869565217391303,0.6509553833813183
73.27742580860287,4.2,1.658705624222118,2.4869565217391303,0.6509553833813183
73.29843281093697,4.2,1.658705624222118,2.4869565217391303,0.6509553833813183
73.31943981327109,4.2,1.658705624222118,2.4869565217391303,0.6509553833813183
73.3404468156052,4.2,1.658705624222118,2.4869565217391303,0.6509553833813183
73.36145381793932,4.2,1.658705624222118,2.4869565217391303,0.6509553833813183
73.38246082027341,4.2,1.658705624222118,2.4869565217391303,0.6509553833813183
73.40346782260752,4.2,1.658705624222118,2.4869565217391303,0.6509553833813183
73.42447482494164,4.2,1.658705624222118,2.4869565217391303,0.6509553833813183
73.44548182727576,4.2,1.658705624222118,2.4869565217391303,0.6509553833813183
73.46648882960987,4.2,1.658705624222118,2.4869565217391303,0.6509553833813183
73.48749583194397,4.2,1.658705624222118,2.4869565217391303,0.6509553833813183
73.50850283427809,4.2,1.658705624222118,2.4869565217391303,0.6509553833813183
73.5295098366122,4.2,1.658705624222118,2.4869565217391303,0.6509553833813183
73.55051683894632,4.2,1.658705624222118,2.4869565217391303,0.6509553833813183
73.57152384128042,4.2,1.658705624222118,2.4869565217391303,0.6509553833813183
73.59253084361453,4.2,1.658705624222118,2.4869565217391303,0.6509553833813183
73.61353784594864,4.2,1.658705624222118,2.4869565217391303,0.6509553833813183
73.63454484828276,4.2,1.658705624222118,2.4869565217391303,0.6509553833813183
73.65555185061687,4.2,1.658705624222118,2.4869565217391303,0.6509553833813183
73.67655885295098,4.2,1.658705624222118,2.4869565217391303,0.6509553833813183
73.69756585528509,4.2,1.658705624222118,2.4869565217391303,0.6509553833813183
73.71857285761921,4.2,1.658705624222118,2.4869565217391303,0.6509553833813183
73.73957985995332,4.2,1.658705624222118,2.4869565217391303,0.6509553833813183
73.76058686228743,4.2,1.658705624222118,2.4869565217391303,0.6509553833813183
73.78159386462153,4.2,1.658705624222118,2.4869565217391303,0.6509553833813183
73.80260086695564,4.2,1.658705624222118,2.4869565217391303,0.6509553833813183
73.82360786928976,4.2,1.658705624222118,2.4869565217391303,0.6509553833813183
73.84461487162388,4.2,1.658705624222118,2.4869565217391303,0.6509553833813183
73.86562187395798,4.2,1.658705624222118,2.4869565217391303,0.6509553833813183
73.8866288762921,4.2,1.658705624222118,2.4869565217391303,0.6509553833813183
73.90763587862621,4.2,1.658705624222118,2.4869565217391303,0.6509553833813183
73.92864288096033,4.2,1.658705624222118,2.4869565217391303,0.6509553833813183
73.94964988329443,4.2,1.658705624222118,2.4869565217391303,0.6509553833813183
73.97065688562853,4.2,1.658705624222118,2.4869565217391303,0.6509553833813183
73.99166388796264,4.2,1.658705624222118,2.4869565217391303,0.6509553833813183
74.01267089029676,4.2,1.658705624222118,2.4869565217391303,0.6509553833813183
74.03367789263088,4.2,1.658705624222118,2.4869565217391303,0.6509553833813183
74.05468489496498,4.2,1.658705624222118,2.4869565217391303,0.6509553833813183
74.0756918972991,4.2,1.658705624222118,2.4869565217391303,0.6509553833813183
74.09669889963321,4.2,1.658705624222118,2.4869565217391303,0.6509553833813183
74.11770590196733,4.2,1.658705624222118,2.4869565217391303,0.6509553833813183
74.13871290430143,4.2,1.658705624222118,2.4869565217391303,0.6509553833813183
74.15971990663553,4.2,1.658705624222118,2.4869565217391303,0.6509553833813183
74.18072690896965,4.2,1.658705624222118,2.4869565217391303,0.6509553833813183
74.20173391130376,4.2,1.658705624222118,2.4869565217391303,0.6509553833813183
74.22274091363788,4.2,1.658705624222118,2.4869565217391303,0.6509553833813183
74.243747915972,4.2,1.658705624222118,2.4869565217391303,0.6509553833813183
74.2647549183061,4.2,1.658705624222118,2.4869565217391303,0.6509553833813183
74.28576192064021,4.2,1.658705624222118,2.4869565217391303,0.6509553833813183
74.30676892297433,4.2,1.658705624222118,2.4869565217391303,0.6509553833813183
74.32777592530843,4.2,1.658705624222118,2.4869565217391303,0.6509553833813183
74.34878292764253,4.2,1.658705624222118,2.4869565217391303,0.6509553833813183
74.36978992997665,4.2,1.658705624222118,2.4869565217391303,0.6509553833813183
74.39079693231076,4.2,1.658705624222118,2.4869565217391303,0.6509553833813183
74.41180393464488,4.2,1.658705624222118,2.4869565217391303,0.6509553833813183
74.432810936979,4.2,1.658705624222118,2.4869565217391303,0.6509553833813183
74.4538179393131,4.2,1.658705624222118,2.4869565217391303,0.6509553833813183
74.47482494164721,4.2,1.658705624222118,2.4869565217391303,0.6509553833813183
74.49583194398133,4.2,1.658705624222118,2.4869565217391303,0.6509553833813183
74.51683894631543,4.2,1.658705624222118,2.4869565217391303,0.6509553833813183
74.53784594864955,4.2,1.658705624222118,2.4869565217391303,0.6509553833813183
74.55885295098365,4.2,1.658705624222118,2.4869565217391303,0.6509553833813183
74.57985995331777,4.2,1.658705624222118,2.4869565217391303,0.6509553833813183
74.60086695565188,4.2,1.658705624222118,2.4869565217391303,0.6509553833813183
74.621873957986,4.2,1.658705624222118,2.4869565217391303,0.6509553833813183
74.6428809603201,4.2,1.658705624222118,2.4869565217391303,0.6509553833813183
74.66388796265421,4.2,1.658705624222118,2.4869565217391303,0.6509553833813183
74.68489496498833,4.2,1.658705624222118,2.4869565217391303,0.6509553833813183
74.70590196732245,4.2,1.658705624222118,2.4869565217391303,0.6509553833813183
74.72690896965655,4.2,1.658705624222118,2.4869565217391303,0.6509553833813183
74.74791597199065,4.2,1.658705624222118,2.4869565217391303,0.6509553833813183
74.76892297432477,4.2,1.658705624222118,2.4869565217391303,0.6509553833813183
74.78992997665888,4.2,1.658705624222118,2.4869565217391303,0.6509553833813183
74.810936978993,4.2,1.658705624222118,2.4869565217391303,0.6509553833813183
74.8319439813271,4.2,1.658705624222118,2.4869565217391303,0.6509553833813183
74.85295098366122,4.2,1.658705624222118,2.4869565217391303,0.6509553833813183
74.87395798599533,4.2,1.658705624222118,2.4869565217391303,0.6509553833813183
74.89496498832945,4.2,1.658705624222118,2.4869565217391303,0.6509553833813183
74.91597199066355,4.2,1.658705624222118,2.4869565217391303,0.6509553833813183
74.93697899299765,4.2,1.658705624222118,2.4869565217391303,0.6509553833813183
74.95798599533177,4.2,1.658705624222118,2.4869565217391303,0.6509553833813183
74.97899299766588,4.2,1.658705624222118,2.4869565217391303,0.6509553833813183
75.0,4.2,1.658705624222118,2.4869565217391303,0.6509553833813183
